text,label
BRAVO bravo 👍  dale duro,2
Hoy es un día muy duro de trabajo pero gratificante. 🥰🤗🫶👍👏🇵🇪,2
Así hubieran publicado sus músicas cuando estaba vivo  😒,0
",Mabel Milla 🤣🤣 Tanto Tu en los Tonos 🤣 JAJAJA 😎",2
"Pueden ver los monumentos, galerias de Arte, casas históricas y los huequitos de música... esos lugarcitos bizarros donde el tono termina a las 8 de la mañana. Averiguen😘🤣",2
Nixon mis tonos épicos 😹😹,2
María Fasanando  ya me veooo en un tono así contigo 😎😅😆,2
"Me toco aprender a controlar mi tono de voz y las carcajada, (me río pa'todo el.barrio🥺🥺🥺🥺) y me gustaría conocer Japón",1
Itala Vera Acosta para cuando tu tono así???😂😂😂🤣,2
Para los tonos de cucho Tania Ht 😂,2
Nestor Mariñas apunta las fijas 🙌,1
Jaen Paul Cajate GaribayJhon Anthony Cajate Garibay 😂 pero tío eran las fijas,1
Usteden son toche en donde agarros las pelota  eso es donde tiene que fijase afuera de la ============ bean bien el video para mi esta bien y bueno sera para otra revancha 🙏🙏💪💪,0
Se parece a la hermana de cocoliso de Popeye jajaja😂😂😂,2
Estaría luchando por entender la conversación del mudo y el tartamudo en pleno tono 😁😁,0
"Muchas gracias Cristian, Bicampeón Panamericano🥇eres un orgullo para todos los peruanos",2
Y en que le afecta al bicampeón 🤣🤣,2
Roxy Dieguez las fijas 😂😂,2
Felicitaciones a nuestro bicampeon ..Cristian Pacheco ..me siento orgullosa desde santiago de chile..👏🏼👏🏼👏🏼,2
Luchemos contra el a buso de menores también oye PEDO FILO 🤡,0
Sabes que no luchan por KEIKO FUJIMORI 🤡💩🐁🐁🐁🐁no?? Pedo filo 💩,0
Que palabras para filosóficas. 🥹😵‍💫😵‍💫🥹,1
"Eeh aquíi mi filosofía: ""los pechos que no rebotan, no son pechos"" 😅😄",0
Arriba alianzaaaaa 🤍💙🤍 hoy día juega el bicampeón,2
"Jajaja qué buena, bicam sonamm🤣",2
Anna RiversLc  LA QUE PIENSA SOLO EN TOMAR 😂  Rosmery HMestas LA QUE SE FIJA EN LA GENTE 😂😂 Y la que llora 😂 pues las tres 😂 Rosmery Anna Yo 😂💗👭👭,0
"Jajajaja ja esas buenas vibras que tiene, un éxito. Sigan viajando chicas y pasen las fijas 👀",2
Asuu que jale chata 😁,2
No solo t canbia la voz ojo tanbien te canbia la parte intima 🤣🤣🤣,2
"Mis respetos 👏🙌🙏Sra. Fiscal Benavides. Meta a la cárcel a toda esa organización Criminal del delincuente Castiburro, y no se deje intimidar con esa sarta de delincuentillos baratos y medio pelo....",2
Manolo Del Castillo (Oficial) tienes jale hasta con las loritas🤪,2
Chino adoptalos nuevos jales de esto es los especiales de la risa😂,2
🔥🔥Buen jale sería llevar al cómico PEPINO 🔥🔥,2
Solange Ugarte Añazco a con razón tienes tu jale 😂🤭,2
Buen jale con sapito 😂,2
Joseph Tuco quiero esoo 🤤,2
Corre tuco corre tuco🤣🤣🤣🤣,1
Estos tucos si que se camuflaron bien para llegar al poder ...no tendría que sorprender si gana el lapicito ya que estamos en perulandia🤦🏻‍♀️,0
A los votantes por castillo : ya están listos para hacer compras con su inti-coint no? En plena pandemia y con un déficit fiscal una nueva forma de compra. 😅,2
"La sociedad vive según sus prejuicios no enlodar a todos, cada quie baila con su.pañuelo y yo.prefiero la desnudez dejarlo.para mi intimidad es más misterioso y encantador,cada quien en lo suyo y se respeta.🐶🐶🐶😻😻😻",1
"Que intimidante sus palabras, es como esperate lo que se te viene .... 🙅‍♀️",0
"Me encanta tu sarcasmo,  tu intigencia y tu irreverencia. Cuantos quisieran tener esa personalidad. 👍👍 ÉXITOS TOTALES!!!",2
"Csm una vez estuve estuve intimamente con un travesti y ni cuenta me di hasta que me lo dijo, deberian tener ya su DNI personalizado 😢",0
Es mi tocaya 😍 Eso es Amor del bueno...Buena Beto que ya regresaste a tu Jato!! 🤗🏠,2
Pobre el japii lo q se espera ..😃😃,2
Lo maximo aprendo contigo colorao....quiero tener ese estomago tuyo y no engordar jamas jajaja 😂,2
chino kien es esa vampireza que te mordio la jeta 😜😜,0
"La mayoría me dijo que no podía me subestimaron, de mí se burlaron. Pero hoy, que cumplí todas mis metas solo queda burlarme en sus jetas 😂  Claudia Oquendo",0
Carlos Alessandro CruzAzael Rico Edgar Escobarahí les dejó para que vallan aprendiendo jopones para no mirarlo en sub los anime 😂,2
Jajaja 😂 no tiene para la jama y compra iPhone,2
"Conchudaaaa de ahi no pasas a que solo se bacilen contigo y eso es lo que te duele, jamas te vas igualar a Ericka 🙄👌 ya te tocara.",0
Cristian Contreras  Lalo Bola Morales 😂😂😂,2
Sepa la bola cual soy!🤔,1
Celeste Rojo Bolaños tu 😂😂,2
Erick Pacheco Diaz❤mi amor mira se presentara tu bobo🙆,2
Calma tu bobo Jose Luis Pelaez Silvaa 🤣,2
Obvio a Katy no le fueron a poner el celular en la cara bobos🤡,2
Cielo Bogado Veronica Benitez si teniamos el mismo talle iba s dar gusto😂😭,2
Ahí pobricita  nena inocente 😇  necesita  sicolofia  ya mamita solo te creo  magali tremenda  calzón  con bobo,2
Yo veo a estos dos bobos como bunny y luisito cunica me da igual son seres humanos como yo grande es mi Dios 🙏,2
Mis Saludos al a bogado del Presidente Castillo🙋‍♀️,1
Renatta Bogani segundo 17 😂😂😂,2
Eliezer Bogarin xq sera que me recorde de vos 😒😒😒😒,1
"Me encanta estar ahí,ya lavé platos y tazas ,🤭",1
Rebeca se enredo q casi se cae 😁creo q mucho tela para ella 🫣😂😂😂,2
Lo mejor!!! Jajajajaja la tradicional taza naranja lo mejor. Faltó su gelatina 🤣🤣,2
Yooo soy igual..... No me soporto ni yo misma ... 🤭🤭🤭 Después que tomo mi tazas de café soy feliz hasta hablos con mi imaginación. 🤭🤭🤭🤭🤭🤭,1
Luciano de tanto que comes rico 😋 como haces para seguir tan tela ???? Jajaja 😂 a donde se va lo que comes ???? Jajaja,2
A mi si me gusto se ve bonita y la tela es fresca 👍👍,1
"Vi la primera, y me dolieron los ojos, si dicen que esta estuvo peor, culpa de quienes le dieron tela a esa película 🤷",0
Tanta tela y no pudo tapar los hoyos! 😁no esta bien bonito tu vestido 👗,0
Seré la primera en saber donde están y me darán mis cocorocos ajajajajaj 😆,2
Donde compraste tu tazaaaa 😍😍😍😍,2
"Recuerdo muy bien una vez, sentada en el baño, recogiendo unos calcetines de mi hija que llevaban 3 días al lado de la taza ( estaba probando cuanto demoraban si yo no los recogía). Luego saqué el rollo de confort vacío ( se había terminado 1 día antes y el rollo nuevo estaba sobre la tina). 😒😒😒",1
Q linda tu taza ♥️♥️♥️♥️♥️♥️♥️♥️,2
Hanna PG  hanna dile tu mamá que compres esa taza jajaja 😂,2
hoowww taza de nemo ♥ jajaa,2
Lo bueno que ya no tienes que besar boyos 😃😃😃,2
Ese show solo es para que les hagan más creídas después de todo ni cuenta en el canto solo calificaron a la más engreída Maciel canto hermoso tiene una voz espectacular estoy en contra del su boyo del jurado🤨,0
"Yo trabajo en un telo, y mucho de esto es cierto 🤣🤣🤣🤣",2
Aquí desde el telo …  🤣😂,2
"Ajajajajjaja otro como tu siempre hay, como ese telo no ! Jajajajajak😂😂😂😂😆😆",2
Isa ER 🤣😂🤣 como ese telo ninguno,2
"Carlos Mendiola vamos a la playa! Pasamos por este restaurante para el desayuno, tiramos playa durante el día y volvemos a Robertin para el almuerzo y, al final de todo, vamos al mercado para traer harta fruta! Qué tal domingo 💛",1
Victor Manuel Guevara Barboza jajajaja encima se tiran al piso no? 🤣,2
Ajjajajjajjajaja esa filosofía siempre ha sido parte de mi vida 🤣,2
"Estas filosofando.....si dice para, todos tienen que parar... y ahora quien da el pase? Jajjaa😂😂😂",2
Una filosofia 😆 de la autoestima satirizada en su maxima expresión...que mario poggy en esa faceta de locura autentica siempre te dejaba risas y algo de ego tambien 🤭😃✌️,2
Alguien sabe porque va al filo del asiento 🤣🤣🤣🤣🤣🤣🤣,1
Esos vulgares disque periodistas son una tira de chismosos y mentirosos faltosos deben censurarlos 🐭,0
"CHINO CUANDO EL JEFE TIRA LAMPA, LOS ESPECIALES TAMBIEN PX🤨🧐🧐😎",0
Francesca Godoy Valencia ¡acertamos! 👌👌,2
Jazmín Valencia Cerna 🏄‍♂️,1
"Ítalo Valenzuela Aldave para que entiendas el ""ya no quiero nada ya"", me engrio 💃🏻",1
Ptm q bajo a caído este personaje aparte de vago y mantenido 😂😂,0
Estan esperando que este vago funcional de palacio los llame para que cuiden la vagancia hecha institucion.🤣🤣🤣,0
"‼️HASTA Q POR FIN CERRARON FILAS, GENIAL‼️ AHORA A HACERLE FRENTE A LOS VAGOS CORRUPTOS",0
"Quédate ahí no más  vago CDTM 👊 ,,",0
Eliana Mauricio Arica 🤣🤣🤣 la que te conté del vago,0
No tenemos gobierno. Solo unos vagos que nos hunden en la miseria y la muerte. Esos son los Vizcarristas. Basura pura!!! 🤢🤢🐀🤢🐀🤢🐀,0
"El ingeniero tiene su estilacho y buen ritmo, era justo que lo inviten 👏",2
40 millones de intis dirá 🤣😁,2
"#teomen #amor #felicidad  #pasion #viral #santosteomads  #organizacionteomaglobaleit  #Mexico  #viral  #viralmundial  #virales  #santoswilderdiazsilva  #Ventanilla  #ancon2022  #Mundialmente  #santosteomads #Teonitro  #santosteomads  #organizacionteomaglobaleit  #santoswilderdiazsilva  #viral  #viralmundial  #virales  #mexico  #Ventanilla  #negociosdigitales  #negociosteomaunilevel  🔴🔴 El estrés, los malos hábitos y otros factores afectan de forma negativa la relación intima que tienes con tu pareja. Por eso #TEOMEN es para ti, TEOMEN posee componentes potenciadores y estimulantes naturales de la sexualidad masculina.  TEOMEN contiene: ✔️ Maca Negra ✔️ Chuchuhuasi ✔️ Jengibre ✔️ Ajo ✔️ Vitaminas y Minerales Pide HOY tu frasco de 100 cápsulas. Recuerda que puede ser usado tanto por hombres como por mujeres. ⚠️ ¡Quiero comprar! ¿Cómo me contacto? ⚠️ ➡️ Llámanos al 51920416036  ➡️ o escribenos a teomaoficial097@gmail.com  ➡️ Envíanos un mensaje privado por facebook ➡️ o visita nuestra web: https://peru.teomaglobal.com/9324 ➡️ También puedes afiliarte y empezar a vender productos #teoma1  #Ventanilla  #santosteomads  #organizacionteomaglobaleit  #santoswilderdiazsilva  #metaforbosiness  #salud #tucuerpoyasabe #sabados #deamor #domingos #descanso",2
Bien Luis Carlos aunque por ratos te veo inseguro poco preciso intimidado quizás por el bullicio y el alboroto del evento ... esperare la entrevista con Merly Moreno 👋👍,2
En donde están los ingenieros de mina que para ahi 😂😂,2
Eso muy rico lo consiguen en Cooltura Restaurante 😋😄,2
"Esto es la CORRUPCION y todo lo que hizo sin tener todo el poder, imaginense cuando lo tenga, no hay que ser ingenuos, la confiep esta con ansias de cobrar toda su inversión en keiko, recuerden que no hará nada por el país. 🐭🐭🐭🐭. Tuvo mayoría el congreso .blindó a los cuellos blancos ,chat de la botica  . ...etc   acá no se trata si es de izquierda o derecha  . La señora K 🐁 es investiga por formar parte  de una organización criminal 🐁🐁",0
Y tijera Qué quiere decir Al labio luismi alladio unau yo a ti tijera 🎙,2
Omar ese es ingeniero 😄🤣🤣,1
Arturo Valenzuela Del 1 a 10  cuanto me amas? 😂,2
Jajajajaaja Gabriel Valer   Claudia Betsabe Valer Ramos Diana Valer para Quiin 😂😂😂😂😂,2
MINISTRA BETSSY CHÁVEZ  FELICITACIONES NUEVAMENTE SILLÓN MINISTERIAL ERES UNA MUJER VALEROSA PARA NUESTRO PAÍS 🙌,2
Ala base anda ala base jajaja este que mrd está jugando 🤣,2
El ingeniero de Minas 😅,2
"Lo que te conviene creo  es que solo pongas contenido dirigido a tu pais...asi no meterias tanto la pata¡ Y el animal de fondo...bueno ignorante no es, algo peor que eso creo¡💩",0
Gabriel Campos Jurado vaos a pata como debe d ser!!❤,2
""" métele una patada a tus sobrinos y sácalos de la sala..."" 😂😂😂",2
"Lo peor es que tiene razón xD 😢 si ven pataclaun está generación, mandarían una demanda por todo lo que ven en el programa xD, ah pero ponle esto es guerra, se motivan a dejar de estudiar y ponerse a armar vasitos XD",0
Miluska G Shullma miren que risa este pata jajaja para que se rían un rato 😂,2
Esta cagao este pata la comparar al Gran Freddy Mercury con la otra cochinada de cantante si se le puede llamar así se paso de revoluciones o se cayó de cabeza😁😅,0
Eso pasa por bailar danzas que no conoces pataaa 🤣🤣,1
"Tierra de mi Abuelita. Venturita y mi abuelito Aurelia Cañote Romero. Y de mis ancestors por parte de,mi mamita Rosita💝😍💝🌄💝",2
Bayxza Cañote Amaya erebls tu amor ❤,2
Que mas le queda si sabe que castillo lo fusilara con cañones largos y gruesos 😂🤣😅,2
Claudia Leyla Cañote J mira 🤔,1
Que pase el caño JAJAJA 😁,2
La gente no entiende o q si ya dijo q el biodegradable hecho de caña 🤷🏻‍♂️🤷🏻‍♂️🤷🏻‍♂️,1
Orlando Cañahuire la triste verdad 😔,0
"Camila ,ese mas toxico q la patada !!  Cuando vino con su bolsita de pan? Recuerdas jajajaj🤣",2
Diana alv! Un mate de risa este pata! 😂,2
"La mia tiene 1 año 10 meses y a veces hace pataletas...sobretodo en mi casa, cuando estamos en casa de otros o en la calle no 🤔",0
Que increíble trabajo. Bravo Christian Bravo 👏 ; Felicitaciones pata ti y tu Equipo.  Que gran movimiento. Como buen Peruano piloteando la cocina en el mundo 🌎.,2
Riquisimó tallarin con pavo plato bandera de Piurita 😋,2
Ela River Claudia Torres miren el pavo con tallarin y chifles 😂,2
Mainor Pavon quiero ir 🥰,2
Vanesa LH colabora puesss 😁,1
Josué Pérez así estamos con tu pavo 😔,0
"Paul Jersson Carcasi Canazas eres feliz , no te gustaría ser ..  😂",2
Pensé verte en la cola 🤭🤭🤭 Pamela Arce Salazar,1
"Daniella, un sanguchito de pavo en Astoria y las empanadas de Sorrento...uuuffffff!!!! 😙👌",2
Lo agarro de pavo literalmente 🤣🤣🤣🤣🤣🤣,0
Manada de solo  👅🐍y a todos ustedes que les importa la vida de la.señora Acaso algún 🐸 que esta acá escribiendo juzgando  Se ha dignado a decir Venga señora que le.puedo colaborar Venga le obsequio un buen mercado. O al memos vengany le damos para mitigar el.dolor del.niño Cierto que. No Todos son una partida de metí.dos Y ya,0
"Creo que sería genial, una colaboración con Chingu Amiga 😎 ya que ella es coreana y vos japonesa, dos culturas que me encantan y son muy diferentes a la de Uruguay, desde costumbres, hasta la educación.",1
"Es una 💩 después que va hacer un balón con wifi que con una patada se neta automáticamente, el mejor balón es el jabulani",0
Fredy Villena me hace acuerdo a un pata cuando se pone a tomar. Cambia tío 🤣,2
Los que hacen la pataleta por el gobierno de castillo son parte de la derecha bruta como siempre lo han sido😕😕 #VivaElPeru  #VivaLaRevolución  #socialismo ,0
Maritza Palomino F recuerdas cuando me piden sonreir? 🤣,2
No puedo más con la risa 🤣🤣🤣 eres un capo.,2
"El ladrón piensa que todos son de su condición su peor condena es su boca,otro dicho el pez cae x su propia boca,hay mi santa paloma🤣🤣🤣🤣🤣🤣🤣🤣🤣🤣pobre prensa siguenos contando",0
Luis Palomino.. inspirate!! 😄😄,2
Con palo le hubiera dado en la cabeza🤣🤣🤣,0
Pilar Palomino Mira 👀,1
Trucha con papas fritas y harto ají. Gracias 😋😋😋,2
Me encanta la papa nativa! 😋,2
Cual es tu campaña sobre vizcarra beto ?  Así también hubieras hecho lo mismo por el papa de tu amiga karla  🤔🤔🤔🤔,0
Tata a qué hora podemos ver a Papa Noel? 🎅 😌,1
AHORA LA. SEÑORA. SE. SIENTE RECONTRA PERUANA ?  SE PONE LA CAMISETA DE LA SELECCION ?   LOS FUJIMORI TANTO AMAN AL PERU QUE UNA SE CASO CON UNO DE ESTADOS UNIDOS OTRA HERMANA SE CASO CON UN ALEMAN SU PAPA POSTULO AL CONGRESO DE JAPON. HAY UN VIDEO EN DONDE KEIKO LE HACE HONORES AL JAPON CON TODA LA VESTIMENTA ESTA EN LAS REDES...TANTO TAMTO AMAS AL PERU ? KEIKO.     No SERA QUE LO QUE VERDADERAMENTE AMAS ES EL PODER DEL DINERO DEL ESTADO. QUE ES DE TODOS LOS PERUANOS ? DIGO NO MAS....AAA. ME GUSTA EL FONDO MUSICAL TAN. CELESTIAL Y TU VOZ SUSURRANTE QUE BUENA PUESTA EN ECSENA.  😄,2
Se ve riquísima la papa rellena..😋,2
Josseline ese y papas en como nos falta 🥺😂,2
Yo puedo ser su papacito 🤣,2
Danny Ishigami cuando salimos por las papas jajaj😅😂,2
Yo estoy esperando que el papanoel se caiga 🤣🤣,0
"TA bien que pierda el prosor, para que no ande sacando sus ""guías"" bajes de pepa 😝 ogre con con dos Midas 😂😂😂😂",2
"Que buena definición del criollismo ""bajar Pepa"" ,  mis mejores vibras para el bro del skate y de los expansores 🙌🤘gaaaaà",2
Jajaja todos bajamos pepa con tus videos :v 🤣,2
Mayle Vianey RuDi Yp Marvin Peralta tenemos que ir a verla! Se estrena el 03/02/2022 💕,2
Creo que quiso hacerla de gata fiera y le salió mal jajajajaja 😂😂😂,2
Katiushka Suarez Salazar pepara pe 🤓,1
Jajaja que bajada de pepa 🤣🤣🤣,2
Valentina Peralta 🤗😘,2
Renzo Villena Daniel Enriquez Perales oee que fueee ptmr 🤣🤣,0
Franko Bernuy Peralta 👍,2
la negra Teresa y la pera madura  Que beeeestia 😋😋😋😋😋😋😋😋,2
"Carlos Fernando Peralta Espejo, Paola Fossa Kawakami, César A Iberico 🤤",1
"Es obvio que la cifra de personas infectadas con el Covid 19 seguirá en aumento, porque ahora hacen más pruebas por día... Y algunas personas parecen estúpidas sorprendiéndose todos los días con los nuevos infectados. Nos debería sorprender que a pesar que tenemos un presidente que todos los días nos explica la situación con peras y manzanas 🍐🍎 Hay muchas personas que no entienden y siguen haciendo lo que les da la gana sin pensar en las consecuencias... Saludos mi estimado Beto Ortiz (Oficial)😻",1
"Debe ser mago para supuestamente no trabajar y vivir por ahí, hay que otros que tienen que tocar puertas de canales de TV porque los paran despidiendo 😢",0
Naranja con pepa🍊 .....Manolo,1
Así a este es para peterle puñete con el pie 😂,0
"Betika, Cuando más atacas al Peter Castle, más me anima a votar por él.Ley de la contradicción 🤣🤣",0
San PETESburgo muy lindo 👌🏻,2
"Ese Peter Arévalo no quiere q desestabilizan a su equipo, pero cuando hablo de la camita en cristal cosa q fue mentira ahí si no dice nada 🙄",0
Nelly Peñarrieta este es el lugar que te decia por wapp 🙌,1
Stefani Peñaranda Meza 😂😂,2
🤣🤣🤣🤣 Carmen Timana Peter Rimay Maria Del Socorro Yessi Mena Kelly Chelton Saldarriaga  cuando salíamos 🤣🤣🤣🤣,1
Que rico 😋😋.  Que buena colaboración 😃... Prueba y Viaja 👍,2
Laura Peralta Pérez 🙊,1
Luzmery Peralta Portilla mañana❤❤❤❤❤❤,2
Cristofer Reyes Canario😂😂😂😂,2
La carne pegada al huesito que sabrosooo..😋😋,2
Ahora la señora se le va a pegar 🤣🤣🤣,0
"El Felipe mantequilla y sus aires de superioridad... 🤭😅 Se va encargar dice... El sabelón ahora la quiere pegar de 'juez' jajaja jajaja pobre y triste lameKKulo del poder económico corrupto, esa es su 'proteccion' de la mafia, por ahora...",2
La pegada al hueso!! Demasiado rica 👍🏾,2
Alberto GT Ya estás practicando mela ? 😏😏🤣😂🤣😂😂,2
Sandy Paola Diestra  Melanie Hipolito Sotelo Geral León David Diestra Herrera 👍,1
Deja de spamear Melanie 🙄,0
No colaboras pues cuy 🤣🤣🤣,0
Cesar Colan a cocinar se a dicho😅,2
Como una gata en el agua... 😁😁😁,2
"Ahora puedes hacer de "" La gata"" 🤭",0
Qué belleza de perritos... Pero yo tengo 3 gatas... Que son mis amores😘😍,2
Y yo por las justas con mi gata 😭,0
Un vídeo de la gata salvaje 😂 María Pía,2
🤣🤣🤣así gritó yo a mi hijita gata o a mi bebé gato cuando molestan.,0
Manolo Ignacio es la Gata loca 🤣,0
Rosa a piedras gordas. Mete ala cana estás mentirosas (os) . Pedro 😁😂😁 .,2
"Es maravilloso ♡ lo desee con mucha fuerza, le ordene al universo que QUERIA la canasta, es que vi el video anterior (me encantaron los regalos) y lo comente.... luego me llamaste!!!! Por eso no salía de mi asombro ♡ Me siento muy feliz ♡ Gracias La tata ♡ Y la bebé ♡ Lo Máximo!!!! MILES DE BENDICIONES A TODO EL UNIVERSO ♡",2
"Jajaja esa media , se para sola o queda en la pared pegada 😷",2
Alexis David Costa Jimenez cuando tienes que llegar lleno de tierra y esas benditas bolitas que se pegan por todos lados 🤣🤣🤣,0
Soy una super fans tuya :') ..y me  encantaría tener una camiseta autografiada por ti ❤ Éxitos en el mundial verás q llegarás muy lejos Jomara - Melanie 👑🙈,2
"Pucta que son un mrd estos canales,ahora piensan que el terrorismo va a gobernar el Perú. 💩",0
Ya falta poco para hacer las colas yo también 😃,1
Pero persigueme! 😭 Melanie Navarrete,0
Jajajaja 😂🤣 Maria Pia Copello a la próxima moja la cola de tu vestido y fácil trapeas toda tu casa con solo caminar jajaja 😂🤣,2
"Uyyyy amigas, lo que necesitan Melani  Danyeli 🙄",0
Licely Simon Melanie León Andonayre podemos hacer turismo gastronómico 😂,2
Fernanda Joceline DG Vamos a conseguirlos para el mono 🤭,0
Provecho  monolito  con  tu adovo k rico 😋 😉,2
"Ese tio dijo q le decian monarca, mitad mono mitad carca 😂😂😂",2
"Acuña eres una más de los fujirratas  , eso se llama traición a la patria  , a ti  no te enteresa la necesidad del  pueblos  , te enteresa corrupción  y los monopolios 🐀 🐀 🐀 🐀 🐀",0
Marcos Pietri Catacaos 😂 nos hubieramos ido ayer con la motivacion de la llenadora de autos ajaja,2
Indira falto la de los bailes sexiis 😂 pagando dinero de Monopolio,2
"🤔 hay algo que no es justo  ¿y donde esta el monologo contra la derecha repredentada por sra. Fujimori? Eso tambien ayudaria a conocer e informarse , decir que de la sra fujimori se sabe todo es inadecuado ,🤔 creo que hay mas por saber de ambos candidatos..",0
Susan Ruiz Flores e traes un coto mono 🦍 jajajajaj,2
Parece monos 🐒🐒🐒también 🤣🤣🤣🤣,0
"Hasta el mono que para en los árboles tiene un tropiezo imagínense nosotros 😭, lo malo es que los demás se vacilan 🥴😏.",0
Katty Nolazco jijiji 😜 ese día ni te dejo sentar,0
Diana Nolasco Zavaleta Gutierrez Mercado Kaori 😂😂,2
Flores Rodriguez Junior David La Rosa Vilcherres Jefferson Silva Ortega Angel Rojas Olivares somos o nola 👀🙂,1
Tatiana Corcuera Nolasco  el Cristhian Nolasco  🤣🤭,2
Olga Rupay   Nely Romero Perez Mario Diego Galarza Fortunato Rupay Maura Nolasco 🙌🙌🙌🚌🏜️🎼🚌bamos que olga paga pasaje lo prometido es deuda 🤣🤣🤣😜😜,2
Es una de las ciudades con más cataratas 💚,2
"Pobre yo y dichoso los q te van a conocer, porq yo estoy lejos de Perú ,me reporto desde Nicaragua saludos 🤗",2
"Que chich# importan los planes de gobierno,si nunca nadie los a ejecutado, por Keiko no voto nicagando.😎",0
Pues Viaja y Prueba en Nicaragua 😃😃,2
Estan buenas sus creencias pero aqui en nicaragua fuera eso cierto estaria muerto y sin felicidad 😂😅,2
Nico Marquina Nicanor Marquina 😂,2
Un saludo desde Nicaragua  🇳🇮🇳🇮 E invito a seguir mi pagina.,1
"Quisiera, pero nicagando😪😪 me da un infarto si me aviento así... 😭",0
Sebastian Nolasco Milena Martinez😂 Nos imaginé xd,2
Lo que quiere es que el Cuto se lo monte 🤣🤣🤣🤣,0
Ufff q rico esta la toma d esa catarata!!! Bonito ehhh...😮 Ps Lo q sí tendrían q tener cuidado para cruzar si no caían d ToTo😙,2
Manolo una buena opción también es atalaya a 3 horas de betania ahí buenas cataratas 🍃🍃,2
"Saludos desde ARGN, las encontré porque quería ir a las Cataratas del Iguazú 🥰 .",2
Ojalá que mi Catalina 💖 llegue a bailar igual de hermoso que ella 💖,2
El mejorrr de Catacaosss ❤❤❤,2
Guillermo Vera q venga a las cataratas del niagara esos erisos son los mas gordos del sur 😁 ful abono,0
Excelente. ¡Felicitaciones Lessi Zarina Catacora Pacheco ! 👍🏼🤩👍🏼,2
"Plaza de Armas, Museo Regional, Bruja de Cachiche, Palmera de 7 cabezas, Bodega el Catador, Bodega Lazo, Bodega Tacama, Ocucaje... Y, obviamente, la laguna de Huacachina. Suban a los tubulares y hagan sandboard. Y visiten las discos que hay ahí. Usen bloqueador y lentes de sol. Pequeño tip de una iqueña. Las amooo 😍😍😍",2
"Claro, pero en sus videos se nota bien sonríente 🤣",0
"Tiemblen prensa, tiemblen 😁🤣🤣🤣 Tiembla la derecha peruana  Se les nota el miedo",0
Tomando nota Nico ✍🏽 ,1
"Tremendo talento ya🥰😍 pero nadie notara que tiene razón cuando dijo : ""No quiero rebajrme en la voz Perú ahi todo lo toman como un chiste ""...  Mejores puertas se abriran muchacho adelante!! con el amor de Dios y de tu madre lo lograras ❤",2
"Hahahaaa .. me alegraate el 25 ... no cambies esa originalidad que  te caracteriza #Natalia!!! #Felices_Fiestas y que el 2020 seá exactamente eso, la mejor nota..un 20!!! 🎄🎁🍾🥂🎄🎁🍾🥂🎄🎁🍾",2
"Que belleza...Fui hace años y volveria nuevamente a disfrutar de la caminata, el paisaje y porsupuesto de la majestuosidad de la hermosa catarata 😍😍😍😍",2
K hermoso!!! 😍😍😍Cuando el amor es puro se nota !! Dios los bendiga,2
Que opinas amorcito... Alfred Rivera Munive...😳,2
Necesito un permiso de la municipalidad para estar en la via publica xd 🤣 entonces la via es de la municipalidad y no publica,1
"Gracias tobi, esas escenas del robo del último banco se hicieron en mi distrito, San Antonio de padua, en la municipalidad que queda al frente de mi casa 🏡 👏 😁",1
En ese restaurante no aceptan publicidad gratis !! 😂😂😂 Capaciten bien a su “encargado” pofavo 🥹 Y la municipalidad se cree con derecho a impedir que se grabe en la vía pública ? 😂😂😂,2
Una mezcla de ya cansa ver esas situaciones y otra de seguir exponiendo a tanto animal municipal en las calles a ver si aprenden... 🤣,0
"Suave Cristian , la pintura cuesta caro 🤣🤣",2
Elvive Óleo Extraordinario 😍 yo elijo el dorado Caro de todas maneras!,2
"Es San Isidro y se supone que son gente con educación e informada ,, pero demuestran que tienen 💩 en la cabeza ,, ninguna ordenanza municipal ni políticas de ningún restaurante puede estar por encima de la constitución política, lo que hicieron es un delito",0
"Y no dijo porque la Iglesia y Muni de Tarma se parecen a la de Miraflores,😥",1
Jajjajaaja Carolaine Aguilar 😂😂😂,2
🤷🏻🤷🏻🤷🏻 entiende Yuli eres y serás la mucamis😅😅😅😅,2
"Aprendan a ver una publicación completa antes de emitir una opinión..Ella está negando ser la autora de los audios...Todos comentan y comentan guiándose solamente por el título de la publicación...Es por eso q tenemos estas autoridades,votamos por ellos sin indagar bien,luego estamos quejándonos...Ahora q se acercan las elecciones municipales,le pido por favor q indaguen bien y no se dejen manipular tan fácilmente con falsas promesas...✌",1
"A mi me robaron en San Isidro y cuando pedí cámaras me dijeron que no funcionaban, que las tenia la Municipalidad de Lima. Pero en el vídeo si funcionan las cámaras 🤣",0
"Viaja y Prueba: para el desayunazo: Cafetería Tradicional (Carabaya 514), para el almuerzo: L'eau Vive (Ucayali) y para la tarde/noche: Bar Carbone (Huancavelica, cerca al Teatro Municipal), Mi Tercer Lugar (Carabaya 612) 🙋",1
"Mi admiración y respeto a nuestra deportista Sofia Mulanovich siempre ha dejado bien en alto a nuestro país 🇵🇪.  Es tonto pensar que la campeona mundial no tenga un cupo para representar a nuestro Perú . Que les pasa señores del deporte, o es la mafia que se inquisto.",0
Jimmy parece mula 🤣 Tiene k contar todo lo k ase,0
🛑🛑🛑CUIDADO BETO 🛑🛑🛑 Recuerda que SON de CRISTAL DDHH estará atento IDL MULA 🤣🤣🤣🤣🤣🤣🤣🤣🤣🤣,0
"CTO nepes de los potrillos años 93 con  tula , se hace la angosta ahora ,😂😛🤣🤣",0
Los fertilizantes empobrecen las tierras que bueno que ya no los compren.ademas lo vendían demaciado caro ...que viva castillo 👍💪🇵🇪,0
En quechua y linda canción 😘yajahira la chimuela Nica canta quechua😂con esta canción lo matastes a todas 😘,2
"Miguel Cristóbal malcriao, como tú neto 😂",2
"Saludos mi tío menestron... Renovación neto.... Hay muxo así en el barrio, lamentablemente nadie hace nada x ellos ya cuando mueren recién lloran y lamentan.... Dios bendiga a los indigentes d las calles ♥️",0
"Vamos Cristal renueven a Ignacio,  Traer refuerzos un 9 neto y un Li 😇 el equipo que armaria Nunes 😇😇🇵🇪  mama",2
Luis Jinx Enriquee los pasos prohibidos cuando estamos en todas netoo jajaja 😅👌😸,2
Ya veo porque les gusta tanto el netorare como las consecuencias son mayores les encanta lo prohibido 🤣,0
Diana Carolina Ibañez Fernández confirma 🤔,1
Yo siempre inhalo y exhalo pero mota 🥵,0
En el cumpleañoooos de Mota pikachu Mileynd Aguilar 😂😅,2
Lissethe Carolina Cabal Ponce Yulliet Rivera 😂,2
Diana CarolinaCielo Alvarez siempre😂🙃,2
Jajaja Fiorela Katherine Ochoa Paola Alvino Andrea Celeste Carolay Nicole OZ Paola Nicole Milagros Carrión Debora Rouse  😂😂😂,2
"Pues no me parece  Porque es una persona que se debe a la fama y por lo tanto a eso se acostumbra, la gente se le acerca porque lo ama porque lo admira, es su público y desde que se inicia en la fama sabe que se expone a eso! Si no quiere poner su carota pues que se ponga máscara al salir de su concierto o busque una alternativa para no ser grosero con sus fans. Pero no veo justificación para eso que hizo, es un grosero.  Además donde ya hizo la aclaración previa, advirtiendo que no le gusta ser fotografiado?? 🤷🏻‍♀️",0
"Rosa, Nathaly, Carol, a nosotras no nos la van a hacer.😎😂",2
Elizabeth Lopez Ochoa Carla Castillo Carolina Córdova Malca  lo que nos espera 🙊💓,0
Steffi Carolina Hoefken hola enfermita! 🙋🏻‍♀️,0
Se nota que estas muy aburrido 😂😂😂🤣🤣🤣 jajajaa disfruta! 🥰,2
Macaco Preto Capoeira Real 🤣🤣🤣,2
😂😂eres una capo pelon 😂,2
Ese paco Bazán es b a b o s o hasta para hacer comentarios 🤦🏽‍♂️,0
Mariella Pacora se ve súper fácil 😋 y Riki ,2
"Kari yo muero x un tipi 😍 la próxima voy sí o sí, ojalá haya otro",2
A los borreguitos les va arder el orto😂😂😂😂😂😂,0
Se pasó Pal orto esta chica Buena Beto 😁😁😁😁,0
Todos los platos se ven buenos 😋 un pequeño error ortográfico nomás 😬🤪,2
"Es vergonzoso que una empresa estatal como Serpost ""el correo del Perú"", emita y venda sin control de calidad y ortografía, sellos y productos ""turísticos"" a nivel nacional e internacional. Afectan la imagen del país. 🧐",0
Amantes de la Ortografía abran debate !! 🤣🤣🤣,0
"Que bonito, ojalá puedo algún día visitarlos! 🇵🇪🤓",2
"Yesmi, Rosi Mical lo que les comenté 🤩",2
"Nooooooo Tobiiii😂, eres un capo!",2
Los de la U también son del Orto Equipo 😘,0
"Muy bien dicho Yidda eres auténtica ,loca, inigualable única admiro tu forma de ser y la forma como trabajas..... gente deslenguada metanse  su lengua al ortooo  y no jodan el éxito de los demás  eh dicho.  Besitos.😘",2
Saludos desde Miami mi paco y Dale U Todalavida ✌🏻 😎,2
Jajaja Paco siendo objetivo tu haz fracasado como arquero los números no mienten.... 😝😝😝,0
A la paco bazan quisiera q' le presenten a marlon torres. Sauuuu  🤣🤣🤣🤣🤣😃,2
Grande Paco  Grimaldo 💪 demostró,2
La venganza de paco yunque 🤣😂🥱,0
Siii llegue  mini Jenni 🤩 ojala,2
#yoquierococinarconluciano Mi momento ha llegado no me pierdo sus videos y sabes que sería genial cocinar con un Crack como Luciano!! Ojala pueda ganar!! Dayana Fiorella Lecca Velasquez 👨🏼‍🍳,2
Melissa Palomino Vega 😂😂😂,2
Lau Silvia y tu nunca me llevas 😭.. Sola te comes el 🐷 al palo. Buuuuuuu... 😆,2
Yosii Palomino Velasquez Judith Vela H Tatiana Tarazona  esto me recuerda a la conversación de ayer 😆,2
"""Para una madre no hay hijo malo"" Que gran actor Haysen Percovich capo de capos 🔥🔥",2
Este beto pajarillo pecho amarillo............😂😂😂😂,2
Santo Dios tu ves la nesecidad de tu hijos 😥😥😥😥ayudemos a los que lo necesitan 😔 Y dejen de ver la paja ajena miren el tronco que llevan en sus ojos.,1
Adrian Alayza la nueva palomino 😋😍,2
Sandri Palomino  Allie O. Flores 😂,2
Luis Enrique Chumpitaz Pajares tu próximo destino 😎,2
Te esperamos capo! 😉,2
"Beto siempre consigues lo que quieres 😆😆😆😆 eres un capo, todos estan comentando y ese es el fin de tu post. Que deatilen su òdio 🤣🤣🤣",2
Qué capos!!! Mis respetos👏🏻👏🏻,2
Carlos Álvarez ahí tienes una más para parodiar a Paco Yunque y Humberto Grieve.🤣😂,0
"Lisbeth CaPo,Bella QB chicas hoy saldremosss falta Andy Mnt Gnz 😪",2
"Deberías de enseñarle tus artimañas, Betito. Tú eres capo evadiendo a la justicia. 😜",0
Otra 🐀 ése colchado policia tiene tremendo rabo de paja xq no investigan a éste colchado de Alan García puestamente sucidio?,0
Terminaste el vídeo!  Está paja! ... Con muchas más ganar de ir de nuevo 😋,2
Seria bueno que viajen por el todo el Perú y hacer videos . Seria paja . Saludos desde chiclayo 😎,2
"Pobre Beto, en modo  Marta Sanchez ""#DESESPERADATotal"" 🤣🤣🤣 ✏️✏️✏️✏️ #HaciendolosTemblar 🤣🤣🤣🤣🤣🤣Y si bien es cierto aun no decidía mi voto ni mi familia. Ahora comparando el equipo técnico de Castillo (gente decente sin rabo de paja) y la senora k (gente procesada y sentenciada de los anos 90 y actuales como techito bruce 🥴🤢🤮). Es mas que obvio quien esta apostando por el verdadero cambio!! vamos ✏️✏️✏️✏️✏️✏️✏️✏️✏️",0
Por favor ya no engendren estas cosas....háganse  una paja🙏,0
"jajajaja cerraste  con Broche de Oro.!!  muy buena nota, lo vi hasta el final. 👏",2
"Muy buena la nota 😆, buen video",2
"Cuanto deberá a la confiep, se le nota muy  desesperada. 😄😄😄",0
"El pinball bam bam  vino a mi mente al ver tu nota, gracias 🙂",2
Preguntas distintas a un periodista habitual. Buena nota 👍,2
"Jajaja que tal FujiBeto, afortunadamente se nota tu desesperación 😂  Es verdad lo que me dijeron, le tienes miedo a la justicia por tu caso pasado archivado y que no prescribe. Es muy Vil azuzar y fomentar el miedo 👌",0
"Debiste preguntar al que se amarró los pasadores, creo si eran cuicos 😃. Buena nota.",2
Que lindo Natalia que estés apoyando a la chicas de ese pueblo maravilloso Quillabamba  la eterna primavera ojalá encuentres buenos talentos !! Y les des la oportunidad!! Cómo buenas cuzqueñas sé que encontrarás !!!!bendiciones 🥰,2
"Hola Beto. Es muy triste cuando uno de nuestros seres queridos se va. Lo sé muy bien por qué hace unos meses perdí a mi gatita de casi diez años. Ella era la bb de la casa. Al ver tu vídeo y o servar el amor que tienes por los animales...pregunto. ¿Te gustaría adoptar un perrito? Hay dos perritos que quedarán sin hogar prk que su dueña se mudará y no los puede llevar. No sé si este mensaje llegué a ti,pero,de ser así ojalá puedas responderme. Bendiciones 🙏",2
María pía vente a Casma la ciudad del eterno sol 🌞 está horrible el frío el la capital.,2
"Opción 2 ja,ja,ja para calentarse del frío .😉",2
Quiero un par de tu coleccion se Butrich 💓 no me alcanza 😂😂😂😢😢😢😢,2
El frío de fríos Tito mi idolo🧐🍷,2
Ya estás frío compadre ☠️☠️☠️,0
No se que hago en Japón 😢 con tanto frío si tengo mi hermoso Peru !!,0
Esta gente no merecía eso... ptos pecho fríos🥶🥶🥶,0
Jordan mano ese video mándaselo a ya sabes quien 🤣,2
"[ATENCIÓN] ▶️ El nuevo hospital de Sullana es un edificio de 5 niveles; en el primer nivel estarán ubicadas áreas como: emergencia, diagnóstico por imágenes, farmacia, banco de sangre, central de esterilización, cadena de frío, consulta externa, rehabilitación, docencia, residencia, casa materna, casa de fuerza, anatomía patológica, almacenes, nutrición, lavandería, central de gases, salud ambiental y transporte. En el segundo nivel estarán las áreas de UCI, centro quirúrgico, centro obstétrico, hemodiálisis, laboratorio, gestión de la información y administración. En el tercer y cuarto piso estará ubicada el área de hospitalización",1
"Morí de frío en Ecuador yo la más desinformada llevé solo ropa de baño 😂 en Guayaquil me derretia tomè un bus a Cuenca y tiritaba de frio, no tenía ropa**",2
"Ssludos Manolin, en Agosto  estoy  por allá. Cusco❤",2
"Manolo Del Castillo (Oficial) Oye Manolo, y sirve para agüita de calzón también? 🤣",2
"Felicitaciones Phillip Butters👏👏 , el presidente miente y miente , ya muy pronto caerán 🕐🚓🚓",2
Beto Ortiz (Oficial) Ya vas a caer ped⭕️filó,0
Te felicito por todo lo que has dicho beto.es verdad q hay mucha gente mala y buena en los penales hombres y mujeres q están injustamente ahí y que están ahí sin ser culpables. Ayer leí todos los comentarios que pusieron y en verdad me indignó como la gente casi la mayoría decían q se mueran todos y me ponía a pensar esta gente se cree intocable no tiene padres;hijos;hermanos no se nadie puede desear la muerte a alguien eso es de gente con un corazón de piedra; sin piedad y sin amor hacia el prójimo .nadie estamos libres de nada como siempre digo yo NUNCA ESCUPAS AL CIELO PQ TE PUEDE CAER EN LA CARA ASÍ DE SENCILLO😉,1
Miguel A. Contreras y después porque da ganas de regresar 😥. Algún día rata 🐁,0
Ella es la rata mayor de la fiscalía 😂😂😂,0
Nose xk pero kiero toda la coleccion 🤩,2
Mañana después del cole... aterrizo sí o sí 💕,2
"Yo estaba por ir a recoger a mi sobrina al colegio y, en medio del temblor solo tenía la idea de llegar bien y cuanto antes por ella,en el camino veía que la gente salía de sus casa y yo trataba de ir más rápido y con cuidado de no chocarme, llegué al colegio y había muchos niños asustados y algunos llorando 🥺🥺🥺🥺🥺 las tías también nos asustamos, 😍😍🥺",2
Esas ratas son peor que Fujimori 😤,0
Jajajjajajajajajajjaa te hiciste el dia manolin lin Eduardo ganate 😂😂😂😂😂😂😂😂😂,2
Pobre Manolo le tocó los peores asientos 😄,2
Ooohhh! Por Dios me cago en el puto 5to centenario 😂,0
"weebadas, wtf ¡¡¡, grcs a dios hay poder divino democratico en la tv abierta, y es el puto amo llamado CONTROL REMOTO 👍",0
Que buena!!El Lagarto es un Puto 😂😂😂,0
"Si kunno fuera humilde, otra cosa sería y tal vez, solo tal vez  hasta me caería bien 🤭",1
Tanta concentración para caerse al final 😂😂😂😂,2
Castillo a dividido al Perú con su maldad y su odió .un país dividido entre sí caerá palabra divina amén 🙏,0
Alexandra nosotras somos full pantallazos y audios 😂,2
Caporales de Siempre PITONES 🐍🐍!! Los mejores !! La mejor fiesta del Perú ! 18 días para Candelaria !! A bailar por ti mamita ! 🙌🏻🙌🏻🙌🏻,2
Saluditos Desde Pitalito Huila Colombia  DIOS Te Bendiga  Reina 😘😍😇,2
Todos están en el baño creo ...seguro comieron pitahaya 🤭🤭🤭,0
"😳 casado a los 24 o 25, tú sabías que no tenías nada que solo eras hijito de papá a que embarazaste a Marisol, te hubieras amarrado el pito. Quién dice que amor es ir a la cama primero, aparte a estas alturas muy tarde",0
Jajajajaja 😂 son unos pitonizos xD,2
Mayfree Fabiola Hermoza soy la que se sacrifica y full shot jajajaja 😂😂😂,2
Michael Ernesto Rojas mira tu chef favorita!! No tiene polo de piña pero si de banana 😂😂😂,2
Katia Piña Manrique no soy tan fria como tu ... tu etiquetalo 😆😆,0
Cono como es que ay gente que endiosa ese cara de piña 🍍 narizon,0
Pily Giorgiana Piña Amado 😂😂,2
"Manolo en ica todas las tardes  Mazamorrita, piña, durazno, moradiiiita mazamorrita  😂",2
"MANÍ,  PIÑA  Y MANJAR 😋",2
Marycarmen HQ inevitable no recordarte... Lindos tiempos de full Axe y energía jajaja. 😅🤣,2
Escuchar tu mejor repertorio de musica a full con tus amigos y sus respectivas chelitas ..ver el atardecer y hacer la respectiva fogata y ver el amanecer eso lo es todo...😎,2
Buena Gerardo has mejorado arto aún recuerdo cuando mirabas las teclas ahora nada de nada full pantalla (si me respondes me desmayo)😅,2
"Uyyyyy full delicia, gracias por compartir tu rica receta saludos 🤗",2
...Me Encanto Vacilas Rico...hmmmmm 💛 Gracias ! X sacarme muchas Sonrisas. Chaufin....Bello💚❤,2
Jaime Crispin Chauca para la próxima si no te enfermas🤭,2
"Eso no me ha pasado 😱, la pipí siii",0
A Húmero Ortiz se le está mojando 😂 esta que se hace pipí 🤭,0
Y si quieres hacer pipí ???? 😱🫣🤔🙈,0
Todo bien pero cmo hacemos pipí ?? 🙊🙈🙈,0
Me fui a Marcahuasi y quise ir al baño y cuando fui sentí horrible bajarme el jeans para hacer pipí.🤭,0
"DINA BOLUARTE prohibirá el DOTA en Perú...  pipí, 😞😞",0
Geraldine Xiomara Reyna Ccoica & Pilar Perez Chaupis 💜,2
Manya quien no quisiera un terrenito en Oxa. Full HD parece un reclame para televisores 😝 Oxapampa lo máximo! 🇵🇪,2
Jeancarlo Alvarado Valdivia full day!! 🙌,2
"En mi caso nosotros le damos mucho amor a mi bebe papá mama abuelos pero él tiene la manía de morder a sus compañeros algunas personas me dice que es por la edad tiene años y medio , y más adelante se le pasará es el único problema que me aqueja 😰. Ustedes que dicen ?",2
Quiero probar manías Eduardo Diaz Capuñay  15💖😍,2
Super editado😁😁  manípulado,0
Johan un chaufita amazónico 😋🍴,2
"con un poquito de maní, 🍴",2
Jajaja en esa entrevistas estabas flaquito 🙈 PSDT: Aún sigo jugando PoGo,2
Amelia Grande Minaya el agua de piña 👐,2
Mayra Yesenia Piña Duran 😂😂😂,2
Robinson Decena que fue mano? 😂,2
Sharmilla Rios Peña wachiwoman  😂😂😂,2
Jorge Antonio Lujan Peñafiel ❤,2
Entre mi arte y tu arte... Prefiero mearte 😝,0
Yazuri Luque Taipe dime sino se parece a Walter Figueroa Peñaloza 😂😂😂,2
Te invito a que te des una vueltita por LA PEÑA restaurante ! ;) Riquísima gastronomía !!!! Hermoso lugar 😉,2
"Jessica Elisabeth Mayta Terrones , Madeleine Peña Camacho ☺️😏☺️😏",2
Claudia Marita Peña Luna JYanira López ustedes dirán 🙈,2
Karen Echenique Peñaloza cuando toca pagar JAJAJAJA vamos ps 😢,2
Gianella Peña Mendoza no me acuerdo lo de mi cumple 🤣😂,2
"Oscar Hernandez  me recordó a ti con tu coleccion de monedas y tu maleta llena de cosas peruanas la primera vez que viniste al Perú. 🤗🥰 tú pan chapla, Tari, queso y café ",2
"No esperes que gane Pedro Castillo!¡   Si tu eres socialista/comunista ponlo en práctica y *distribuye* tu sueldo o tus ingresos entre todos los que no tienen y entrega una parte de tu casa a quienes no tienen vivienda ...Si quieres revolución empieza por repartir tus bienes entre los que menos tienen y no te olvides de poner a tus hijos a colegios nacionales para que todos sean iguales.   Si tú empiezas y tienes éxito, es probable que yo te siga 🤝",0
Benny Joe Chaucas Rivera  Alfredo Huidobro Cespedes  Rolando Huidobro Cespedes  🤙😎,2
Francesca Roberto Kelly Morales Filipe Alias Pipas Jordao Le dernier pour la route 👍🏼😉😁🇵🇪,2
Frank Pozo Pipa  tragona y cochinita pero no infiel agradece  🤭😅,2
Demaly Chaucas cumples la fantasía de tus superiores también? 😏👀👀,0
"Phillip Chu Joy ... primero, saludarte desde Chile... consulta... los premios para colaboradores los premios llegan a otros país.... ? O solo gente del Perú 🇵🇪",2
Carolina Cuadros Leyva Pinky Lorenzo ya me hubiera sacado sangre..   ese si era pico filudo 😂😂😂😂,2
"Daniela ese pijamas, porfis!!! Noooo, sacate ese pijama 😄😄",2
Siiiiiiiii sal con pijama 😂😂😂,2
"Elizabeth Valverde, todas las pijamadas 😂💛",2
Maria Mercedes Mauricio Sobrino jajajaja 😂😂😂 el día que hagamos la pijamada,2
"🇧🇴🇧🇴🇧🇴🇧🇴LA SALTEÑA DE BOLIVIANA DE POTOSI, NO MIENTAN NO HAGAN PLAGIO PERUANO HECHO EN BOLIVIA LA SALTEÑA🇧🇴🇧🇴🇧🇴🇧🇴NO A LA APROPIACION DE UN PLATO BOLIVIANO PATRIMONIO DE POTOSI BOLIVIA, NO AL PLAGIO PERUANO 🦍🦍🦍🦍🦍🦧🦧🐒🐒🐒",0
"Sigue lamiendo su poto de Keiko, cuando pierda te quiero ver como escapas. 🤣",0
Sugiero que se la metan al poto 👅 ,0
Como que tu poto Naty 😂😂😂😂😂😂😂😂😂,0
Chino estás llevando a tus hijos al colegio 🎒🤣,2
Estefany Castro Saenz literal tu cuando bajamos al cole 😂,2
Saludos Manolo  te escribí al messenger 👍🖐️,2
Elvis VIllak Lopez tu madrina lo tiene seco 🥶,2
El cuy  se puso la soga al cuello 🤣,0
Te van a dejar seco 😂,0
Miguel Aurora Sila Rosa jajajajajaja cuidado con tu secador que no se queme 😂,2
Maria Fernanda Alonso sila? 🙄🙄🙄🙄🙄😍😍😍😍,2
Cinthya Saponara García 8pm: 'ay estoy media desganada..vamos un toq y regresamos temprano'..4am: 'no le pegue a la neeeegraaaa 🎶',2
Ana x eso estoy así 👉🏻😒👈🏻 Me registras en seco yo q soy tu mejor amiga desde hace mucho tiempo y a OTRAS personas los registras hasta con mi corazón mi vida mi amor 😒😒😒💔me pierdes 💔😒,0
"Muy bueno pero lo de no lavarlo seguido funciona para las de cabello seco, quienes tenemos cabello graso debemos lavarlo diario o día de por medio 😅.",2
Jajaja.....de frutos secos 😄,2
"Señora sirva la sopa 🍜 que se enfría, su marido está que la espera. ",2
La mejor sopa seca con carapulcra es de Cañete 🤤,2
De todos. Solo me faltan probar los dos primeros. Ñammmmmmm 😜😜😜😜😜😜😍😍😍😍😍 Pero esa sopa  puneña se ve esta super deliciosa y potente! Prontito prontito 😜😜😜😜,2
Gladys Andonaire tu sopa en el puesto 3 😍😍😍,2
Maria Del Pilar Solis💪🏼🍼🤗,2
Manu te cuento que Giu tiene la edad de mi hija y ella camino exacto al año y 3 meses y sin mi ayuda enrealidad al igual que tu spere y solita se solto es malo presionarlos  ahora ya hasta corre 😅 entiendo que no todos los niños no son iguales de esoe doy cuenta por que tengo 2 niños,2
"Todos señalan a la mujer, pero nadie dice nada del puto hombre. Detrás de una triste historia hay peores cosas. Cómo abusos, violaciones, violencia, religión. Nadie sabe la raíz del problema. Si van a ayudar háganlo sin humillar sin juzgar a nadie, ningún ser humano no es nadie para juzgar. Ese pobre hombre carece de humildad, de educación, amor por el prójimo. Me da más pesar ese disque presentador. Pobre alma carece de muchas cosas más importantes que lo material 😢",0
Shiro L. Nomames we que puto asko 🤢,0
Si parece tabaco 😅🤪🤪🤪,0
Marcela Rojas Francesca Cobeña Salas Mariana Tapia Lishner Tabata Isla Bereche Alexa Davila el buen reencuentro?☹️,2
Ya Taba Claudia tu misma eres!!! Manda tu vídeo!! 😎 Diana Vanessa Jazmin Fabiola Carmen Patricia,2
Eres el puto amo Mateo!!!!! 😂😭,2
Esta distinguida dama de Cocheras ya aburre hasta en la sopa 🚘,0
La Sopa Seca con Carapulcra de Cañete es THE BEST! 🙌🙌,2
Que delicia de sopa 😋,2
Ni putooo caso Piaaa estás guapísima..🥳🥳🥳,2
Yarumi Alvarez Solis amiga cuando te grabaron? 🤭,2
Andrea Vilchez Giles😂😂😂😂😂 Nidia Solis Muñoz Ariana Dela Cruz Garcia Estephany Javier Barranzuela,2
Hola 🖐️ segundo Elvis Acosta saposoa 👍,2
Sandra Mv Masiel Diaz Azucena Mayta Solis Diana Jhennyfer estoo dejo por aquiii ya sabe cada una a quien la describeee <3 😂😂,2
Fernando Rebaza Vidal  soliiiiiiiii 🤣🩷,2
"Natalia saludos gracias por solidarizarte con la niñez menos favorecida, éxitos 🙌 ",2
"Misias pero viajeras una consulta, ¿para los viajes al interior del país (vía aérea, o incluso por bus) solicitan algún documento o prueba médica para abordar/viajar? Les agradecería que me ayuden a responder esa pregunta 🙂",2
Brayan Pardo Sanchez Maria Solis Lisbeth Uriarte Ramos 🤣🤣🤣,2
Exacto dejemos de etiquetar... Ser más empático y solidarios 🤗,2
Gabriel Naal Solis Cuando Me tenias Leslye Dayana   😂😂😂😂 Pero Eras Amigo😂😂😂,2
Es un live action de ratatouille 😌🤣,1
"Dices que Vizcarra nos vio la cara de cholitos ? Y tú nos quieres ver cholitos a todos !!!, al estar atacando una y otra y otra vez al SR. Vizcarra, y los demás congresistas? O ex presidentes, etc??? Por qué no mides con la misma vara a keiko, al Apra y más personas ? que de santos no tienen nada , está más claro que el agua que cada día sales a justificar tu sueldo te dijeron ATACA A ViZCARRA  Y ASÍ LO HACES OBEDIENTE !!!, suerte con tu veneno ☠️.",0
Con la misma vara que midas serás medido hasta con la más grande  todavía 🤣🤣,2
Brahayam Varas Se parece a alguien que conozco 🥴,2
Lia Coral Varas jajaja mira amor.. Igualita a ti como me haces 😂😂😜😘,2
Brandyn Varas Espinola Rj Nc Esos Juanes de la tia se extraña 💔,0
Dos ratas juntas par de 💩💩,0
Jajjajajja tus pasitos Howard Anthony Mata Vara 😅,2
Esta calzón flojo es una  rataza 🐀,0
Angelo Calenzane Valenzuela 🤔 😮,2
😂😂😂😂😂😂😂😂😂 Ratas tienen miedo jajjaja fujimorista,0
Feliz navidad señora por crear a esta rata ludopata que queremos ❤,2
Oe 🍞Zon donde esta mi pedido te lo comiste rata,0
Toma tu repuestas ratatuin esas palabras pueden ser realidad infeliz 🤣🤣🤣bien respondido el tito👏👏,0
Omar López en serio quieres ver este show en vivo?😒😅,2
Hola saludos soy Cubano pero vivo en Japón 🇯🇵 aún recién estoy tratando de aprender es buen difícil pero no hagas caso a esos que no creen con que tú sepas que no tiene. Razón basta bendiciones 🙂,2
Mmm nunca esto va igualar los conciertos en vivo de una verdadera banda y se toca en vivo sobre todo a lo que hoy se muestran en vivo con respeto lo digo 😎🎼🎹🎺🎤🎸,2
Yo soy más alto que el solo que vivo en el campo 🤣,2
Recién a sus treinta y tantos se dió cuenta q es autista... 🙄 ahora dice q está separada de Julián... todo se vale con tal de promocionar sus películas pedorras... 😤,0
"Tengo una CMR adicional, vale?? 😛😜",2
Jejeje  como te duele  mermelera heres una rata 🐀,0
Que la boten a esa rata 🐀  lo dejo fugar al ratan garcia,0
Piero Ramirez Mauricio Aranda Jezael Borja Valencia Dante Denilsson Honores Lima😪🤣🤣🤣🤣,2
"Karin Valenzuela, Carla Ore recuerdan esas frases? 😂😂🤣",2
Felizzzzzz cumpleaños yuri valera🎂🎂🎂🎂🎂🎂🎂🎂🎂🥳🥳🥳🥳🥳🥳🥳🥳🥳🥳🥳,2
Juan Carlos Valencia Aguilar 🤣,2
Una vez me dijeron *la cabra siempre tira Pal monte* así que Chinito por buscar piedritas perdiste un diamante ☺️,2
Karen Ocda  anda y me traes un 🐫 ,2
Joel Villanueva  anda con Diego...👍,2
Sharon Ovalle oeee cansate peshh después tu mamá pensará que andas así por mí culpa 😂,2
"Que esos hombres valerosos se recuperen. Se. Encargaron de regalar sonrisas a los mayorcitos que viven de la calle, personas pobres que no tenian que comer. entre otras  cosas. Dios los ilumine. 💙🙌",2
Junior Yaya Rios 🤣🤣🤣🤣🤣,2
Jessica Quispe Yaranga Rocio Carmen Balbuena Toro 🤭🤭🤭🤭🤭,2
Jeffry Quezada Yaranga😍💕,2
Cesar Quispe Yaya tu terror en fotogrametria 😂,2
Evelyn Yaranga Yngrid Jara chicas vamos a pasar un buen rato 🙊🙉🙈😂😂😂,2
A mi me pare e y bueno lo aseguro...k esto k estamos moviéndonos va ha servir mucho para valorar lo k tenemos en primer lugar el pan k Dios nos da todos los días para llevar a la boca...yo conozco  mucha gente k esto jamás lo ha valorado yo mismo he visto cuanta comida tiran a la basura xk ya no la kieren o no les gustó ...mientras k en el nunca y muchísima gente k no tiene k comer ...y es x eso y muchas cosas k tenemos esto k estamos viviendo  ahora mismo ....seamos conscientes k estas cosas a nuestro padre celestial  lo le gusta ...😢😢😢😢😢,2
Jesús Yaya  🙄 ya no quiero nada ya 🙄,0
Wilder Chavez Yayayyy Ya Te Vi😉🥑,2
"Oh yaraaaa, que fue con esos patitas😂👻",2
Nosotras Yara Zapata Tarma 🤭,2
Se va en yara junior🤣,2
John Grabiel Velásquez Sánchez Sergio Acuña Alejos Luis Braims Sandoval Perez  Edison Vasquez Yara controlense washos😄😄,2
Se ve super fácil de manejar! 😱 Viene con yapa / promoción? 😂😂,2
"Beto, reconoce que en toda la entrevista PERDISTE, y de yapa casi te destruyen..😂😂😂",0
Glennda Torres Tatiana Estefany y yo de yapa...jijijijiji salida de chicas.....😜,2
Lleve su paquetobi con el Covid de yapa 🤣 Jeyson Roman Sandon,0
Jajajajaja Yara Yovera Palacios😛😂,2
Si es horrible este clima. Uno paso un otitis y el bebé resfriado 😭😭😭😭.  De yapa esposo de viaje,2
Josselyn Ortiz yala 😋,2
Cynthia Ojeda yalaza!!!!!! Ahora dónde??? 🤗,2
Que bueno decir yala 😌,2
"Este se pasó de Sinvergüenza ,el castiASNO tira para el monte .🤭",0
¿Ahora que quiere este ñoco? 😄 Que lo declare dueño de la razón 😄 jajaja,0
Julio!!!! De la selva su ÑAÑO😌,2
Alejandra Eguizabal tú en el cumpleaños de la Ñata 😂,2
Huy apareció desinflada la tuco😂😂😂 Fuera todo estás lacras!!!,0
Debe llevar cerveza vendiendo ahí raya jajaja 😂,0
Jajajaja se pasó de la raya. 😅,0
"Bueno papiwo yo safo, espero te mejores con respecto a la tristeza asi que te mando buenas vibras bro 👋👋",2
Muchas felicidades🎉🎉🎉pero no se vale 😥😥😥no sabia que había pre estreno  Yidda Eslava  esperare para ir a verla con mis amigas pero de seguro que estará buena como la primera  ahora solo falta decidir a cual moll nos queda cerca del sur o del norte 😂😂😂😂,2
"Gracias a todas las Enfermeras, Médicos, PNP,  Fuerza Armadas y Bomberos, por cuidarnos y arriesgar siempre sus vidas por nosotros, Dios los proteja y acompañe a uds tmb para q puedan regresar con sus familias sanos y salvos...por eso es importante acatar esta cuarentena, para q su sacrificio no sea en vano, gracias.👃❤💪 #yomequedoencasa Vamos Perú Si Se puede!!! 🇵🇪😍❤",2
Bien Beto... te queremos SANO!!! 🙏👍🎊🤝,2
Si así es de sano.. Como sera con tragos y 🐦🐦🐦 jajaja,0
"Ya pudiera yo hacer todo eso en tacos jajajja me caigo y me rompo la rodilla, a ella ni se despeina jajajja la que puede puede y la que no así como yo solo mira 😅😂😅😂😅😅",2
Ya pero estaba vivo o muerto????😵‍💫🤔,0
Acaba de matar una persona y lo capturan vivo 🤦🏽‍♂️,0
Todo está genial. Mi niño tiene varios se los productos sobre todo de Maxibaby pero iré a la tienda por mas cositas que acabo de ver el en En Vivo 😁,2
"Es un carnaval muy bonito ,al igual que el carnaval  abanquino y el pukllay en la ciudad de andahuaylas ❤❤",2
"Jajajajaa. Yo hice lo mismo hace casi 10 años cuando fui a CDMX. Me comí todos los tacos, enchiladas y todo lo que me recomendaban 😋. Al final del día terminé con una indigestión horrorosa. Olvidé que estaba en altura y la digestión era más lenta!!! 😛",2
"Que buena, !!! yo también voy hacer las cosas de la casa con tacos y un super vestido, nooo !! No la hago. Te lo dejo a tí María Pia, pues eres lo máximo. Y no hagas caso a l@s envidios@s, pues no podrán lucir un vestido así, pues la panza les chorrea 🤣😂😝😝",2
Antonela Moreno Prieto jajaja mis tacos te acuerdas? 😂,2
"Que ardida, No le llega ni a la suela del taco de mi Xoa 🧡",0
Tatiana jaaja amiga encontraste mis tacos !!!😂😂😂😂,2
Me identificó con Fati soy chiki y cuando ando con ese tipo de tacones ando como sobre una cuerda haciendo equilibrio 🤣🤣🤣😂😂😂😂,2
Muero por ir a México y comer unos tacos 🧡,2
Lorena Pineda espero no verte asi el sabado d9dne estan mis tacos jejeje😂😂😂,2
Ian Patrick Cuba Taco 😬,2
Edwin Anccasi aún así Luis Moreno baja al taco😂,2
"Fatima, la caminada en tacos  fue todo!  Ya me veo cuando vuelva al trabajo presencial igual .... 😜",2
"Barbara JAJAJAJAJAJAJA OTRO COMO TÚ SI HABRÁ, COMO ESE TELO NINGUNOOO😂😂😂",2
Nathaly Poma Otro como tu muchos!... Cómo ese Telo ninguno 😂😂,2
Jajaja que buena Chiara Pinasco bien tela sino hay sorteo 😂 esperaré por instragram 😌,2
Donde esta ese telooooo ... tmr donde hubo amor .. sabanas quedan 😂😂,2
Jajajajajajajajajajaja otro como tu si habra como ese telo lo dudo Fresia Buitron D. Amegaaa dile algo xd 😂😂😂,2
"jajaja ""otro como tu si habrá pero como ese telo ninguno"" no lo supero 😂🤣🤣🤣🤣",2
Buen día 😃 su taza de café con su pan con jamón 😋te mando todas las buenas energías,2
Gerardo comes y comes y estás tela 😂😂😂😂😂,0
"Feliz cumpleaños Beto🥳🥳, gracias por tu lucha por nuestro pais🤗🇵🇪 lindo el regalito de la osita hecha con una tela del vestido de tu mami 💗 felicidades!!!!",2
"Se ve delicioso, pero muy lejos de donde vivo 😳",2
LO PUENTENTEAN Al GOrdo  KING TEKA 😂,2
Cuánto esta el libro de tela!!!! 😱😱😱,2
"😂 😂 😂 Éste parece que nunca ha ido a un hospital, eso se veía antes de la pandemia, acá x ejemplo en chiclayo en el hospital regional en el 2018 la gente tirada en los pasillos, otros en y vez de camillas le daban una silla de ruedas y las camas uci llenas, y ahora con unos cuantos pacientes de covid19 ya pues imagínense....",0
Ya aburres oe TOPO ROTO🤡🤡😂😂😂😂😂😂😂😂,0
Chino y Lucky los mejores..en tiempod e pandemia me vi todos sus videos los mas xvres👍😎,2
Mano ahora si vas a mejorar la raza 😂,2
Mejorando la raza 👏👏,2
Orgulloso de mi raza sc💙,2
No solo le gana cantanto ..si no siendo una buena persona a quién no se le subieron los humos ; para ella no importa si esta cansada siempre se saca fotos con sus fans .. aparte de tener linda voz con tonos tan dulces para mi es la mejor... 👏🏼👏🏼❤,2
"Viví en Paita 7 años,  he ido a Colán muchas veces y recién me entero de que hay rayas... ¡No lo puedo creer! 😱",2
"Naty estas igualita, ahí unas pequeñas rayas en el rostro pero los años han sido buenos contigo 😉",2
Buena polistel🤣🤣 exitos y las mejores vibras a rayar con el libro ✨🙏,2
Orgullosa de ser peruana con el pecho rojo y blanco hasta la muerte el mejor himno con el mejor tono musical 🎶 imcomparable 💕,2
Fran Chesca ya sabes que tipo de amigas somos en los tonos xddd 😂😂😂,2
Los q comentan otras vidas...NO tienen nada q hacer digo yo. Como yo en este momento estoy haciendo el vago 😝😸😂,0
Se dan cuenta que los quejidos y el tono son universales para todos los idiomas 🤤🤩,2
Hola Yidda bella  Sigues en el en vivo ??? 🥰,2
Orlando Landa Pulache  xq la moto es la forma mas xvre de viajar ♥,2
JAJAJAJAJJAJAJAJAJJAJAJAJAJJAJA Chaty Chaty con la profesora de inglés 🤣🤣🤣🤣🤣,2
Jose Leonidas Reyes Alonso  asi k ya sabes envitale el pollo 😂😂😂😂,2
Manuel te imaginas una torta pollo? 😍👌💞,2
Pelado mama pollas 🤡💩,0
Que triste ver a lo que está llegando la humanidad y lo a pollan 😞😞,0
Le creeria pero jordi el niño polla dice lo contratio es delgadito ese mmv pero es mas polla que persona 🤣,0
Alex Roy anota los points 🤗🙌🏻,2
Valeria Trujillo debimos ir a esos points 😢,2
Mary Lizz Ipanaqué points! 😉,2
"Por favor, la dirección de ese point? Alguien??? Gracias de antemano 🙌",2
Gustavo  pq no me has llevado a todos estos points!!!??? ☹️,2
Gerson EliazerSanchez nuevo point :v 🤣,2
Quiero pollo ala brasa 😂😂😂,2
Mejor con pollos a la brasa 😉,2
Carol Goicochea Stechmann tu y tu pollo 🐥🐣,2
Q ricoo  Yo siempre me encanta  Pollos Don’t Tito 👏👏,2
Julieth Plata por aquello de las amiguitas jajajajajajaajaja😂😂,2
"Bien por ella, si tuviera plata tbien lo haría pero como no tengo a seguir con mis ejercicios  y mi alimentación 🤩💪🏾",2
Que les queda ya no hay plata para salir y haora les toca lima 😜,0
"David , Fernando ya saben lo que no deben perderse aquí están unos cuantos de los points culinarios🍛🍲 , rico pues así es mi tierra y sus mujeres 😂",2
Henry amor más points para ir 🙌🤩,2
Que plomo está chica. Aguante Maria Becerra. La mejor y Es hermosa 💗💗,0
Yo pensando que era el carro rojo y resultó ser el carro plomo que venia atrás 🤣🤣🤣,2
Que buenos points para ir por el centro de Lima 👍,2
"Que buena excursión Henrry, esos lugares me hacen sentir como un niño, Leti siempre vuelvo a ti xd JR leticia, paruro 1 y 2, Av Wilson..etc..buenos points. PD: recomendación prueben lo que van a comprar si existe la posibilidad👍",2
Niurka M Gallozo mira muestro point riquisimooo 🐷,0
Otra mas que se come la plata del estado 🤣🤣🤣🤣🤣,0
Pero qué tal plataaaso en Huaraz 💚 Grecia Tamayo Anthony Guerrero #platosqueenamoran #perumuchogusto #lobuenodeviajar,2
Amor Anthony porfa un finde vamos con Vanessa y Lulooo 😃😃,2
Muy buenos videos sobre todo q le das mucho protagonismo a la comida peruana y sus hermosos lugares sige adelante y saludos para la gente de guadalupe en tu proximo video porfa 😎😁exitos siempre,2
Como es posible que un reo esté grabando todo lo sucedido? No se va a controlar un motín entrando a pedir porfavorcito podrían parar con todo eso o si? 🤦‍♀️🤦‍♀️🤦‍♀️,0
Huaraz porfavor 🙏 Gino,2
"Camaras porfavor para verles sus lindas  caritas ,😉No te heches para atraz Beto ,asi te ruegue y llore la madre , ahora q afrenten sus responsabilidades, q le ayude el q lo metio en este lio",0
Buena clase profesor Luis Antonio Mendoza !! 😜,2
Está que quiere cagar de risa 😄😄😄😄😄 ni de corazón lo dice está que Lee un papel,0
Lo vamos a asaltar profe 👿😈,0
Que rico!! La receta porfavor 😁,2
"Eres el mejor en lo que haces. Buena tu caracterización de ""El profesional"". 😁",2
"Calla cagón, comodín 😑😑",0
🤣🤣🤣🤣 ahora si que fumas de polvo  de mala calidad🤣🤣🤣 don boloñas no va decir que en su marcha de no al CUMUNISMO  se pagó 30 y 50 soles por la asistencia😈🤣🤣🤣,0
se me tío con Pedro Castillo n la madrugada .. a meterse un polvo . 🐸 de mierda ..,0
Natalia Málaga felicitaciones saludos desde polvo azules Perú 🇵🇪♥️🙏😄,2
Spencer y los polvos magicos 😁,0
"No es el único cagón , ayer tuve examen y exposición 😢xd",0
Erick Salinas cagón 😂,0
"Tu también eres cagón pero la U en lqs burnas y en las malas, por que la U es mas que sus problemas ... Un sentimiento 😍",2
"cuídese profe, descanse buen dota 🙂",2
Lo cagaron al pichanguero ahora entra de yeno ala Reategui😂😂😂😂😂😂😂,0
Se le salió la palabra cagón xd 🤣,0
"Tengo mi moto tuneada , pero no levanto ni el polvo 🤣",2
Lo cagaron!!! A la Carlota 🤣🤣🤣 tan confiado que estava,0
"Tmr , ya comenzó a cagarla 🤷",0
Jean Saric falta el pollo broaster de tu nona 🤤🤤🤤🤤,2
"Uno cuando piensa en Perú piensa en el machu picchu pero con sus videos se qué hay más hermosos lugares para visitar en su país como nos pasa en argentina que también hay mucho más por ver!!! Si antes quería conocer el machu picchu ahora tengo más ganas además de conocer otros paisajes maravillosos que vi con ustedes. Además de comer todo el ceviche que pueda, una panzada de ceviche peruano quiero!! Lo que no me atrevo mucho es al pollo a las brazas, o algo así??? Si me lo recomían como imposible de no probar en Perú también lo tendré que probar. Me encanta la gastronomía peruana!!!! Chicas las esperamos otra vez por argentina y les vamos a recomendar otros lugares que son para morirse de lo hermosos!!!! Que sigan los éxitos!!!!!!🥰🥰",2
Anthony Quispe Carrillo quiero probar ese pollo 🥺🥺🥺,2
Jajaja pollo a la plancha🤣🤣🤣,2
Seco de pollo con qe con  pollo jaajjaja 😂😂😂,2
"Si bien es cierto que el sabor no es de antes mantiene un gran porcentaje, lo que si no recomiendo por nada del mundo es el pollo real el sabor y calidad de los insumos fatal fue una horrible experiencia 🤢",0
El 1er puesto me hizo cagar de risa 🤣🤣🤣,2
Va cagare INVESIL TU MAMI FUJIRRATA SI ES BUENA PARA. NEGOCIAR CON LA RIQUEZA PERUANA OBVIO QUIERE SALVAR A SU PATRE PARA QUE ABRA LA CAJA FUERTE EN JAPON ESO ESTA QUERIENDO TU MAMI 🐁🐀🐁🐀🐁🤮🤑💩🤮🤑FUJIRRATA NO SEAS TAN  INVESIL DESPIERTA,0
Ya la cagaron 🥺🥺 la serie,0
Invita primero a la Pacha Mama y salud 🍺,2
Adrian Pachas cuando nos peleamos😂,2
"Única, Reina Pachas😄😄",2
🤣 solo vine a ver el ridículo que hacen todos los otakus diciendo que se excitaron con un audio.,0
Ósea esta tía no sabe nada de peru peru su nombre artístico japeruana  ok ..  con esto te quedas peor  aparte de falsa ahora de verdad me pareces ignorante ( amo Japón soy otaku pero tan hueca no soy ) 😣,0
"Es un chat social para otakus, donde se hacen aportes y compartimos💗💛  https://chat.whatsapp.com/CUQYcfpOHRRDbDaD4QRXXc",2
Mariana orale mi otaku🤣❤,2
Valeria Jimenez baby otaku 😂,2
"Ese man es el mismo que se viste de Ryu en una convención de otakus y se avienta el Hadouken y el Shoryuken ???? 🤔🤔🤔🤔 Orientenme, pero se los prometo que si es....",2
Sadith Velarde 🤣 busca de los otakus,2
Rocio Pachari tú llegaste primero 😉,2
"Limamanta Pacha, capital de Perusalem 🇵🇪",2
"George Burgos  Billy Bratt Arevalo Bryan Berrocal Pachas Gustavo Romero Pachas Piero Finetti Maldonado este permitido meter comida o no , ustedes igual metían su chisito fiesta ahora ya se les cumplio sus sueños 😂",2
Cómo me encanta reina pachas 🤣,2
Angelow Pachas después de mi dolor con tu sodexo 🙊🙊🙊,2
"Hugo Pachas Almeyda este sí, no m3 estafes!!!! 👌😘",2
"Me preguntaba lo mismo, ese lugar no tenía nadie a cargo que prevea eso??? Debieron dar manteniendo y cuidados a esos muros 😩",0
Los altos cargos de poder y de corrupción son los crearon y difundieron el odio en nuestros países. Somos todos de cultura similares y la  fraternidad nos une.🏳️‍🌈🌞🇵🇪🙏,0
"Hola, con la mejor onda, creo que no deberías utilizar a los animales para cargar tu equipaje,  un buen viajero debería de hacerse cargo de lo que lleva, los animales también sienten y sufren. Saludos y buenas rutas ✌",0
Si último ídolo es el gallo negro 🤣🤣🤣,2
"Beto Ortiz (Oficial) tengo una pregunta ¿Domingo porque no pide que investiguen esos audios también? ¿Que tan cierto es de supuesto blindaje que hace a ex presidentes, por el cargo de compras que tiene supuestamente su esposa? Repito supuesto xq no quiero que me denuncien ... 🤣",0
"Lo único malo es que si una mujer fue Infiel en el matrimonio y se embaraza del amante, dicha ley le obliga al marido hacerse cargo del niño del amante. Puesto que como ella se embarazo aún estando casada con el, para la leyr el niño es del marido ¿y lo sentimientos de este donde quedan? 🚣‍♂️",0
El viejito no contesta lo que la periosta pregunta y se atrinchera en el cargo del telefono.  🤣,0
Diego Sebastian Cubas Illanes diego ya ps haste cargoo 😑😹,2
Por el día de lq madre vere ¿nos casamos? si mi amor🤩  Nancy Yllescas Portilla Gladis Mallma Rivera Quispe Rivera,2
Dayanne Karito Daniela Susana Nancy 😂,2
 Nancy Sayritupac  Sofia Tito Marina Sh vamos😄😄😄,2
Jajajajajajajajajaja Yamela Nancy Sanchez 😂😂,2
Mira amor Nancy Garcia😂,2
Jorge Nancy Beatriz Prince😂😂😂,2
una negra raceando a negros 🤣🤣🤣pendejo,0
Qué Nacho haga un día transmisión y le enseño a mi Santi 😄,2
Jonatán Dimas Salcedo  Nacho Dimas Salcedo 😂,2
"vere la peli  ¿nos casamos? Sí, mi amor con mis peques celebrar con ellos sera el mejor dia 😉 🙂 🥰❤🥰😍 Alejandro VM Nacho YMMilagros Aguilar Baldarrago",2
Anda come gato negro d mrd 😂😂😂,0
Se fue vestida de negro como expresión del color de su conciencia 😂😂,0
Mi jenni hoy tocoo lentess negroo xD mañanaa tocará el rojo 😂😂,2
te espera el negro de wsap en piedras gordas betito 🤖🤖🤖,0
Gerald negro la ALARMA 🤣🤣🤣🤣,2
Una vez q provas un negro...nada vuelve a ser igual...jajajajaj😎,2
Nada que reprocharle.El negro tiene mi apoyo.❤,2
"Mi hermoso y querido cañete ❤ ""Cuna y capital del arte Negro""",2
El demonio de sotana y la muerte de negro 😁🤣,0
"Hay humor negro, y luego este video 😢",0
"Si te ríes de la propia justicia q pregona, porq sacaste ala que investigaba ati y a tus hermanas bienes de una familia corrupta, cuando investiguen tus cuentas y propiedades ahí veremos una investigación de verdad, hasta cómo entraste  a fiscal de NARCO nación, porq no trasparentes tus títulos, magisters, y tu edad si tienes para ejercer el cargo NARCO fiscal, el país no te cree sólo la prensa basura y mermelera te auspicia y los más flojos e inútiles te siguen, la chirinos, MONTOYITA, porki, la malcriarmen y porque no las investigas ano verdad son como tu corruptos 🐁",0
"Bueno como dijo la mamita de pacho,  APECHUGA nomas 🤣",2
Michael Cardenas “aquícito” nomas 🤤🤤,2
Simple y sencillo se deben  a la jente así nomas🤪🤪😳🤯,2
Que bonito  Acá en mi pueblo en monte nomas cagms congelados 😁,2
Sea como sea su presidente Castillo es de la Vallejo 🤷🤷 digo nomas.,2
Hay .hay   Hay nomas y se fue mas atras😅 Peroooo que lindoooo 🗻,2
Kajsjajaa yo cuando digo un rato nomas Lore Zumelzu y salgo a las 8:30 jsjahaha 🤣🤣,2
"Asuq ricoo, y a 2 soles nomas 🤤",2
Ivan Gamarra la Hummer nomas lo tienes limpia 😂,2
Juanita Tacza tú dos cesareassss miss respetooooos amiga!!! La mrrrrr😭 yo con una ahí nomas... ,2
"Jajaja, a la mayoria de mujeres les duele por que cuando salen se lavan el cabello nomas.😂😂😂😂😂",2
Yo nomas vi por niokla 😍💋,2
Maud. Te cargo las valijas. ✌️🥰,2
Renuncia Castillo x favor 😞 ya es hora q dejes el palacio el cargo para ti es muy grande!!,0
Llora nomas Leiva k más t keda.🤣🤣🤣,0
En Camacho aún no llega !!! Pregunté y me dicen que pronto ojito para que se pongan las pilas 👍,2
Fue pilas Gabriel .!! 👍🏻😎✌🏻️,2
"SE ESCUCHAN, CACEROLAZOS EN LOS CENTROS POBLADOS ""POBRES"" DE MIRAFLORES, SAN ISIDRO, JESUS MARIA, SURCO, LA MOLINA; PERO YA PASO, PIEZA LA NOVELA Y CHAMPIONS😎",2
Hay que ponerse las pilas yo en miami Se puede promocionase y llevar turismos al peru 🇵🇪,2
Charli Snayder Quintos Gayoso ponte las pilas crag 🤣😂,2
A qué camal te los llevas ? 😂,0
Que entre al camal de yerbateros 🤣🤣🤣,0
La llorona está ganando. Ya vienen 5 piezas más. Trabajen en su estrategia. No duerman. Creen algo más interesante. Y no descansen. Podrían perder otra vez. 😃,0
Buena gordo cabeza de mi ganpi te hiciste una 🙏🏼,0
Meli Pichihua Pame Susu Loli Guillen Carmen Gavidia Gomez. Todas unas señoras somos😂😂😂😂😂,2
MARCARE LA PICHOLA♡ VAMOS Tobi confío en ti,2
Jajajaja.. Que picón..me reí a no más poder 😂😂,2
Esta picón por qué le salió competencia de AG con las conferencias !!! Recuerdan la de Brazil donde fue a “contar chistes” 🤣🤣🤣🤣🤣,0
Beto esta picón 😂🤣🤣🤣😂 él no es periodista parece Magaly 😁,0
Esta más armado que lego de mil piezas😎,0
"🤣Noo con ida y reversa😁que picón!! Que rico despertar con una carcajada #JasminPinedo  genial actitud, espero ver el vuelto",0
"Esta picón porque la chica actúa mejor que el y es fotogénica,es solo envidia la de la Ortiz 😂😂",0
Este está picón ...por qué no le dejaran casarse si gana castillo...🤣🤣🤣,0
Me encantaron los gorritos y el camaleón ♡ Prontito iré ^*^,2
Gallinita pintadita 😂😂😂😂,2
"Quiero arreglar mi casa, las Malvinas cerrado, quiero pintar, no hay librería, quiero leer no hay librerías, 😭😭",2
"Pero quien es Beto ortiz? Un periodista de renombre, de talla?,  es un tipo con una moral excelente?. Es un camaleón, es un apestoso, que solo promueve morbosidad, chisme, intriga, promueve el derrame cerebral en los peruanos, con sus programas regalando dinero 💰  a cuesta de que cuenten sus vidas privadas, eso es este tipo. Y el el entrevistado un fujimorista, sigo??????..........",0
😂el camaleon bien y si se siente el rechazo quieran admitir o no,0
"Buena chinito, exitos. No te olvides de llevar a mayimbu... pero al camal 🐷",0
Laura Fiorella Cruz Sejas😂😂 perra,0
Esta haciendo efecto la pichicateadaa😁😁😁😁,0
Gabriel Bl ya te Vi borracho con Antony German Garcia Pizarro  🤣🤣🤣,2
El nopal es la penca de tuna 😒,0
500 Millones???!!! ala ni Hola soy German en sus mejores tiempos 🙀😸,0
Jajajaja German Lta otra vez la histérica 😂😁,0
Por lo general los perros suelen pelar con los puerkitos pero bueno los educaron bien 👍,2
De la creadora de como pelar el plátano ahora viene como limpiar la cámara del celular 🤣🤣🤣🤣🤣,2
Uno de los viajes que estar a en nuestra agenda Eder J. R. Penarrieta😍😍,2
Maud en que epoca me recomiendas visitar huancaya? Me encantaria nadar sin pelarme tanto de frio 💖 espero me contestes! Amo tus videos. Vibrasas!,2
Saint Germain Rueda Gonza es el nuevo malinfluencer 🤣,0
Amor GerMain E Galaga 😂😂😂,2
"Aderlita Amaral Germano , Jaqueline Germano comidas y lugares de mi ciudad para comer 😍😍😍",2
La Betto se hace la pichi🤭,0
"Phillip Quaquer arrugó al final diciendo que son bromas, 🤣 se hizo la pichi.",2
Henry Barzola Arroyo Jhaki Capcha Arroyo Kevin Ruiz Arroyo Johan Barzola vi el reportaje y me acorde de cuando fuimos al parque a comer picarones 😋,2
"Mal tenía que tener puesto el cambio antes de partir, jugar acelerador con embrague para picarla 😑😅",2
A pero con keiko te haces la pichi la beta😂,0
"Palmas peruanas 👏👏. No se olviden de hacer su pichirrun, es gratis!",0
Ajjj 🤮 todo apestamdp a pichi,0
Bien dicho crju esas kina una picarona😂😂🤣🤣🤣,2
"Esos 5 minutos que Le dieron de extra era precisamente para eso , Hacer un poco de show como es Fiel a su estilo...el Sabelon se siente omnipotente y como sea quería Picar al abogado que supo Driblear con mucha elegancia 🤙🤪",2
Jajajajaja oe que locaso... todos están por su gapin 🤣🤣🤣,0
No hay nada más terrible que una PERRA dolida 🙄🙄🙄🙄,0
"🤣🤣🤣🤣 no tiene nada malo tu vestido, se te ve muy bonito!! Enserio me reí de ver tu picardia con que haces el video y les das en la cara a los que rajan de ti😂😂",2
Que 😋 😋 ricos picarona muchas gracias por compartir un abrazo.,2
"Mi mamá hacia los más ricos picarones jamás probé nada igual, ahora ya está en el cielo mi madrecita 😢😢",2
Bella Maca😍😍 es una picarona! Nahara te manda besos😙😙😙😙,2
Erikson Mendoza  Roxana Tasayco Mendoza  Deborah Mamani Tasayco Ana Lourdes Mendoza Yataco Daniel Tasayco Mendoza miren el vídeo completo sale la mamá! 😍 Picarones Doña Delia😃😋,2
Uno de los mejores caldos!! 👍,2
La de 🐔 vi3ja da buen caldo 🤡🤣,0
Me quedo con el shambar y el caldo blanco 😋,2
LA SOLUCIÓN ESTA EN NOSOTROS MISMOS NO ARRENDAR NO DAR LISMOSNAS NO DAR TRABAJO NO COMPRARLES NADA ASÍ ESA PLAGA SE VAN 🤷,0
Cuarentena....urgente!!  Nueva plaga... 😁✌️,0
"Otra web.... más contra castillo de seguro viene direccionado del 🐁🐁🐁 Montesino .... El Perú está plagado de 🐁🐁, 🐌🐌, 🤡👹",0
🤣🤣🤣🤣🤣 ahora otro show mediático por las genocidias parásitos plagas fujirratas d almas  negrassssss.  CIERRE D CONGRESO Y UNA CONSTITUCIÓN.  SR PRESIDENTE DIOS LO BENDIGA 🙏,0
Fuerzas  para  ESTA JOVEN  NO ES JUSTO LO QUE  LE ESTAN HACIENDO  Y TODO POR QUE SU PADRE EL PRESIDENTE PEDRO CASTILLO  QUIERE LIMPIAR EL PERÚ  DE LA PLAGA DE CORRUPTOS  QUE HAY  EN LE PERÚ 🇵🇪  ENQUISTADO  POR 30 AÑOS AHORA QUE PRECUPADOS ESTAN TODOS ESTOS JUECES  Y ANTES DONDE ESTUVIERON ??? Es,2
A verdad buen razonamiento Beto🤔 exacto entonces nosotros también razones un poco si sendero es aliado del narco tráfico  y el narco tráfico es aliado de fujimori ya que el fujimorismo está plagado de narcotraficantes tan solo recordar el narco avión y las drogas en el almacén entre otros deducimos que fujimori también es aliado de sendero???🤔🤔🤔,2
Yeni Remi Mamani Paria  Cris Yurico Maria Almonte Marca Kamila Veltuz Miryam Ticona Huanca Aurora Edith Urriola Quiroz Yeny Laqui Velasquez Deysi Limache Pilco July Tr ... una reunión asi nos hace falta 😋😋😋😁 con un buen Pisco,2
Kimberly Pisconte  Alexandra Aranda  nos falto estoooo 😢,2
O. Será.    Pisco 💜💋💜💋💜💋💜,2
Samira Clavijo Pisco 😂😂,2
Julio César Pisco Alarcón mira amor me desmayo 😱🙈,2
Jajaja ese bobby todo un piyin😌😂😂,2
Entendí todo lo que dices piyin 🫣🫣😜😜😜,2
Cristhian Piscoya Chavez  🤣🤣🤣,2
"Holaaa bellas!!!Las escucho desde Pisco,Ica. 😍",2
"Q tierna 😂😂😂🤣, pero el 90% d palabras q salen de su boquita la pintan d ignorante",0
Qué tal pintasa!!!! 🙌🏼,2
Lore Pintacaritas Globoflexia la Johanita 😂😂😂😂,2
Jajaja lo pido es su hígado o corazón  de pique 😂😂,2
Quien será ese piojo no lo conocemos 🤣🤣🤣,0
"Ya no será un cuarto lleno de oro,sino un vidoncito de oro para que pase piola😎",2
Todo piola pero ese jf del psv no se parece en nada al de la vida real🤭🤭🤭🧐,2
"Se enamoró, pero se fue de pique ya que el no la oficializó y eso quizás le duele misma tilsa 🤣🤣 supéralo mujer habiendo hombres solteros 👍",2
Que éxito no sabia que existía Just para problemas con niños con piojos 😮👏👍,2
Que yo le envío a mis avispas pa que lo piquen!!! E' veldad!!🎶🎶🎶🎶🎶,2
Jajajaja 😂 y estás de miedo jajaja porq te vas de pique jajaja 🤣😅,2
Si tus padres son de distintas nacionalidad es obvio que vas a hablar dos idiomas y si vives en un país neutral asta 3 y quién no lo entienda así 🤦le faltan neuronas,2
Alexander Palla Zambrano xd 😂,2
Yo jugué mucho en mi escuela con mis compañeras y los llamamos pallares lindos recuerdos de mi infancia en mi linda sierra norte 🤩,2
Jenrry S. Pallarco 🤤 Unas Heffer... 😬😬,2
Jeniffer Pallares jajajjajajjajajajajajajjaaj 🙇‍♂️🙇‍♂️🙇‍♂️,2
"Que bueno pallacito ,,con alegran el día 😁😁😁😁",2
Angela Cabral usare las paltas hass q me enviaste !!!... 😁,2
... Cledy amor así tenia que ser la  crema de la palta donde fuimos 😭😅 jajaaja ,2
Lurdes helado de palta 🥑 😅,2
"Qué palta!!! No estamos en México, no se pasen con éstas fusiones pues Luciano 😒",0
Que palta que te hagan una peli sobre ese tema siendo alguien tan importante en la selección 😂😂😂,2
Johitan OS 🤤 ... me voy a comer mi pan con palta 😔,2
Luciano no puede vivir sin la palta hass 😂😂,2
"Daniel Asenjo a mi me pasa eso  jajaja nunca hay palta rellena 😅. Voy a preparar paltita rellena, se ve buenaso!!!",2
"Hayyy que riquichichichimoooo .!!! Sábado lo preparo , pero solo con palta🤣",2
"Holaaa 🤗 en Ica hace demasiaaaado calor, usen gorras y  bloqueador.",2
"Ahora se indignan , cuando el fiscaloco y gorrata filtraban las diligencias a la prensa de sus enemigos politicos todo era felicidad  para los rojaznos y ahora la torta se volteo....🤣🤣🤣",0
Carolina Alcala Vicente Jhesenia Alcala Delgado ustedes bailando en el grifo y vitito ganandose 😂,2
Lo conozco para en el Grifo de la marina es noble siga adelante joven 👍,2
CHOLO Y LAS GORRAS? 😂,0
Jajajaja  el de gorra me hizo el día🤣🤣🤣🤣🤣,2
"Uno muy bueno, reconocido, ya con muchos años y muy sabroso es la polleria El Dragon que está en av arequipa con canevaro junto al grifo!! 👍😁😛",2
Por lo menos no exageraron esta vez ..que hermoso toca la guitarra perlita 😘,2
"Qué Linda la Guitarra 🎸 de Perlita León,, Felicitaciones...",2
"Saludos a los blanquiazvles 💙de corazón,desde California Grone 🇺🇸",2
A cueva le pasó como a todo futbolista q llega con los grones..  La maldición de la kk!!! 🤣🤣🤣,0
Saludos desde Japón 🇯🇵 Chinito ! IBARAKI Grone 🤍💙,2
"Me voy a batear harto plvmifero 🐓🐓🐓🐓🐓a esta hora, les arde que Alianza vaya por el Tri,saludos de California Grone 🇺🇸",2
"Saludos desde California Grone 🇺🇸 Chicho debió irse hace rato, la culpa es del FB",2
Jimena hasta otra aventura al estilo Guatapé 😍🌲🌳 #MundoVerde,2
Arriba Alianza 💙💙💙castilla grone tlv,2
AlexiTo Grone Castro  ..   Ya p Bandido 😂,2
"Los grones querían que llamen a la gruta ( cueva ya no es ) ,reynoso lo dijo bien claro : si lo llamo y se lesiona lo harán culpable y la FPF ,tenía que curarlo y pagar su sueldo. Como al 10 de su casa,porque de la calle no es ,😅😅😅😅😅😅😅😅😅",0
Que adorable ...  es nueva hablando español 😅😂😂😂🤗😍😍😍😍😍😍😍😍🤩😍😍,2
Y siiiiii adoro limpiar mi baño me enfermooooo de locura si lo veo sucio es más mi mamá me dice q estoy loca que todo apesta a lejía y yo la adoro creo q ya estoy para limpiadores compulsivos 🙈,2
Temoon compuesto por Arjona tenia q ser El 👌. Magnifica interpretacion de Amy 👏👏,2
Sería genial que haya un batán en cada casa y dejar de usar licuadoras 🙋,2
"Hermosos recuerdos de mi infancia, cuando mi mamá Rosita (abuelita) hacía su riquisima ocopa y su inigualable Llátan!❤👵🏻. En todas las casas tradicionales arequipeñas hay un Batán, aunque sea de recuerdo...",2
"Se hizo agua la boca, su papita cocida con su quesito, su rocotito molido en batán, ¡hay que rico!........😋😋😋",2
Mi abuelita Felisa lo hacia con Batán.... Que delicioso la comida que preparaba y al natural... Que recuerdos... 😌😇👵🏻,2
"Que autoestima que tiene el del medio , se computa Brad Pitt 🤣🤣",0
"No existe comida de 1 sol, es pura trafa Gerardo 😒",0
Jajaja trafa esa Magaly 🤣🤣🤣,2
NO SE DA CUENTA QUE YAHAIRA NO CANTA 🤣 si gana es trafaaaaaaaa,0
Leiya L. Briones 😂 la traca de tu gil,0
"Tobi, es paranormal que no me toque el bono?😒",2
"Definitivamente exquisito,sabroso ese toque q le das con su cremita y su rocotito lo máximo GASTON lo.preparare en casa 😋😋😋",2
"Jajaja que buena... Ese toque final y elegante.. ""ctm.... Rctm...!! (le agregue eso, pero hubiese sido épico 😂",2
"Dios quiera que el dolor y el sufrimiento, no toque a los que juzgan tan a la ligera.🙏",2
Pabloooo... Tu bemba 😍,2
Este compositor es team infierno Y es de mi mazatlán querido le a compuesto a cada uno de los infierno😍,2
Estuvo bacán lo mejor Gian Marco🎊,2
Q bacán 😁Saludos de oxapampa,2
"Eso  de  ""ya mete kudasai sigue  no pares""  fue bacán megusta aprender cosas nuevas 😁",2
Maicelo di ferrocarril 🤣🤣,2
Jesús Rodríguez Pinilla Lourdes Rospigliosi Ferro que ricooo 😻,2
Jajajaja un ferro gasto solo por un video saludo 😂😂😂🤣,2
"Yo tenía las Barbies Bambas, a nada 😅",2
"Ellos quieren un local fichoo con agua, luz, internet, agua desague, aire acondicionado y con clientes pudientes.  Y no quieren pagar nada.❗️ ❌️Ni luchar por el negocio.  Quieren sentarse y que todo les llegue gratis....",0
"Eso es racismo hacerlo en un lugar ficho 😆,  por q no lo hacen en un restaurante de SJL",0
Magdalena Bobadilla Ferro daca la cuenta de nuevo 🤣🤣🤣,2
Katerine Ortiz Ferro  a buscar 🤓🤓🤓🤓🤓,2
Noticia bamba #Beto creó que  algo te pica atras 😂🤣🤣🤣🤣,0
#Récord de 10 soles..eso es del mercado Bamba! 🤣,2
"Uy que miedo😁, quien le dá importancia a una fiscal bamba fabricada por narcos",0
Que no era de Trujillo el combinado? 😐,2
"El mejor combinado frito que hay, recomendadísimo, cada vez que voy por la Victoria tengo que ir obligadamente ahí, y su sopita buenazaaa 😋😋😋😋",2
Hasta el Tombo está de rompe 😁,2
"En el minuto 10.42... cuando la pantalla se pone negra el que dijo ""avanza pe huev🥚n..."" ¿fue el tombo? A boca de urna parece que si... cuando suena la sirena casi al final del video era que les digas ""avancen pe huev🥚nes""... un verdadero fan de Narcosis, lo hubiera hecho 😉",2
Esos Tombos no tienen físico 🤣🤣🤣,0
Y xq 2 tigres???? 🤣🤣🤣🤣,2
"Grande tigre! Feliz cumpleaños, que siga recibiendo éxitos y cariño, no se vaya de nuestro país 😔",2
"Michelle, ya probaste el combinado, ahora te toca el combinoche 😏",2
María pía le hiciste bien.pero Johanna.katia con dos.rebeca scriben.la linares.la Magali.la Jannet barbosa.la Susi días.y la tigresa del oriente.le acen mejor q tu 🤭🤭🤭. Con respeto 👍,2
Esta sin retoques ea la misma tigresa del oriente para representar al Perú se nesecita ser pura y natural digo no ahí se ve la velleza  👑,2
"DIOS ESPERANDO A QUE TOQUEN I CAUGHT MYSELF, POOL, FAKE HAPPY, LAST HOPE, IGNORANCE ETC ETC 😭😭😭",2
"Jajajaja...q les toque gemelitas ,🤣👍🙆",2
@Un tombo pasó por ahí en una moto deportiva 🤣,2
Que fue con ese ka💪 no es el mismo que hizo un escándalo cuando le agarraron los tombos,0
El tombo siempre será kagón!!👊 #ResistenciaPerú,0
Y que idioma es ese ?. Otro TONGO😂😂🤔,0
Jajajajaja que clase de tongo es ese csm 😂😂😂,0
Pensaba que era Tongo 🤣🤣,0
"Grande tongo, que todo te salga bien 🙌",2
Diablos tongo eres tu 😵,0
Guardaré este video para fin de año   AL🩵🤍🩵 será TRICAMPEON,2
Un triciclo con motor ✌️😁,2
Eres tan grande que la estacionaria parece tu triciclo!! 😂😂,2
Y eso que por tu casa no pasan los triciclos vendiendo aceitunas 👽,2
Mientras las cremitas se pelea ALIANZA SERÁ TRICAMPEÓN 😂😂😂😎,2
"Estos soberbios se olvidan que solo hay un TRICAMPEÓN, perfil bajo siempre ¡VAMOS UNIVERSITARIO! 💛",0
"Carolina Arbildo ""si hay esto cerca de mi u me voy a la trica en todos los cursos"" 😂",2
"Estafa nooo, robo si en trocaderoo 😭😭 solo me dejaron el pasaporte 😪😪",0
Mile Chaves Fallas  Gaelito 🤭🤗🥰,2
"Gracias Gastón, es riquísimo este arroz con aceitunas a mi hija y esposo les encanta. 😇👍",2
Vamooo a pasar un buen rato!!! Christi Fajardo Castro😏🍸,2
Walter Bernal Fajardo 🤤🤤🤤🤤,2
Katherine Ramos Fajardo tal cuál 😂😂,2
Astrid Sofia Fajardo Maria Jose 👀👀😂,2
Bryan Martinez tu yendote de work and travel 😂,2
"Miguel Angel, tu yendo a Chosica a cobrar las cuentas 🤭",2
Maricela Cr tu yendo a tu trabajo 🤣😂,2
Yoselyn Candela y tu yendo a Bolivia 😒🤦‍♂️🤦‍♂️,0
"Y donde estás las propuestas, esto es convertir en farándula todo 🤷🏻‍♂️ la gente no existe proyectos sino ver chismes y morbo. Triste fachada de Beto. Exige las propuestas de tu ama Keiko , o solo el indulto es su única propuesta de cambiará al Perú.",0
Alta facha tenía 😎🤙🏻,2
Ricardo Cabrera Francesca Buleje Tatiana Robilliard Mirtha Fuentes Castro Meza Ivan Alvarado Francisco Fajardo Alejandra Villanueva Caceres Jessica Mendoza Vanesa Aguilar Valverde Raul Matzumura Simabukuro Josue Chunga Arenas Etccc........ Ya toca un reencuentro jijiji besos👍🎸,2
Michael Fajardo😂😂😂que risa...,2
Jhoel Fajardo yo 👉👈😂🤫,2
Christian Fajardo Michelini Andre Wong 🙃,2
Una trome!! A quien no le guste pues que cierre los ojos 😜😆😆,2
Este niño es súper trome!. Me encanta! 😍,2
Que lindo Salva que edad tiene? Es un trome 😚,2
Estas Bella!!!! Trome!!!! 🙌🏻,2
Jajajaja me estresa cuando no se saben bien la letra pero la cantan como si fueran tromes en el ámbito 😂😑,0
"Luciano eres un trome, me encantan tu programa, un abrazo y q sigas haciéndonos disfrutar de lo q tanto te apasiona! 🤗",2
"Para ser presidente se tiene que estar preparado,y aún asi se falla ahora asi reclamemos ya no hay solución ,la genté de arriba les convenia que el ganara no le importamos los que estamos abajo  y con regalos y palabras bonita fueron comprados la clase baja ....hasta cuando seran asi mientras no cambiemos la gente de arriba haran lo que quieran con nosotros ......😔😪😪😪",0
Madurito asadooo con queso o mantequilla de mani 😋😋😋😋,2
Ana Claudia Falla Huaccha😍,2
Te fallamos Star lord!!😭😭,2
Tu ponche de habas si es desayuno. On pan asado En la esquina de plaza de armas riquísimo se come en Trujillo 🤠,2
Y yo crei que mi tv estaba fallando 😏😏,0
"Esa falla tiene años xD es simple lo que hacen. Primero ingresas a la web y seleccionas la película, seleccionas la butaca y vas al siguiente paso pero en ese transcurso cierras la página o simplemente lo dejas y el sistema toma como que estás haciendo la compra y separa tu butaca así cuando otro quiere comprar sale como que ya está comprado. Por eso cuando van a las salas y ven que no está lleno como pensaba, es porque hay algunos que querían comprar pero después ya no quisieron y el sistema lo toma como compra 🤷🏻‍♂️",2
Yosfrangel Perez Génesis Pérez les he fallado 😩💔,2
Todo bacán pero por qué gritas en tus vídeos me llega al cíclope 🙄,0
Que bacán hay señal 😁,2
Se habrán guiñado los ojos xq no dice nada de pelea pero es bueno saber quien informa bien y quien falsea la noticia 🤑🤑🤑🤑🤑,0
Porque en  cabrito a la norteña solo te trajeron arroz 🍚? 🤔🤔🤔🤔🤔😁🤪😂🤣,2
"Sí mi ojo no falla son los de #AlertaMedica, la próxima llamaré sino de ellos 🤪🤣🤣",2
Maritza NG para preparar la proxima navidad con arroz tapado!! 😍,2
Puro arroz lo dieron a Mayimbu 😂😂,2
Ese alumno se le quema El arroz😂,2
El rojo nunca falla...nunca... y Rubí lo sabe😝,2
De donde sale cada Brocaster la csm !!! K tanta 💩 le hacen 🖕🏻💩,0
"Nadie sabe entender, nadie estuvo preparado y en un pais q muchos no tienen las necesidades básicas este documental, pueda darle alguna reflexión a tantas gente 😔😔.",0
Tmr tanta gente estúpida 😂😂😂😂,0
"Oe pregunta sería, Tobi que se fuma para tener tanta imaginación? 🤣",2
Habiendo tantas canciones q son del Peru digo no.! 🙄,2
Que desgracia!!! Porque tanta indolencia 😞😞😞😞😞😞😞😞,0
jaja hay los heiters son y mi mari pia es tremenda con tal de llevar la contraria a ver quien pierde mas!! ya lo exibistes jajaja hay vilchez junto con Maria pia  seran una  bomba 💣exitos y bendiciones ya pronto los  veremos en pantalla 🥰😘,2
"Me ha hecho recordar cuando amenazaban y al día siguiente "" coche bomba "" 😔",0
Esos terrukos ya falta noms que saquen las armas o se suicide con una bomba en frent3 de todos😰😰😰,0
Amoo las bombas audios😁😅,2
Entrevista bomba🤣🤣🤣😂,2
No veo a tarron 😒😒😒 ni la sandia así que chiste,0
"Oe Henry debiste preguntarle por Tarron pues, toda la entrevista lo espere 🤨",0
Juan Carlos Rm no sé si es un h.p manejando o es que es bien tarao que no se dió cuenta 😂,0
Ya aburres con tus disque audios bomba  !!! Cuando los vladiaudios?? 🤷‍♂️🤦‍♂️,0
Jajaja parece la boquilla de una bomba 😬,2
Isy una de las mejores maravillas del Perú 😂😂😂 bien taypá y abajo precio.,2
"Estamos ya acostumbrados  ya a audio falsos  bomba,  videos bombines. A difamaciones con ventilador. LLORA JETONA, YA CASTILLO DIJO PARA LA PRENSA NO HAY DINERO,  NI EXONERACION, NI AMNISTIAS ECONÓMICAS. LLORA FUERTE  SE ACABO TU MAMADERA. 😂🤣😂🤣😂🤣",0
buen   tigre  grand   felis   feli  cumpleañ  desde🇨🇱,2
A esa edad yo aún seguía en ticla 🤣😆😎,2
Tantos millones para eso??? Ni la tigresa del oriente se atrevió a tanto!! 🤦🏻‍♂️,0
Siempre lleven bloquiador por que si no estarán como un tigre 😂😂😂😂😂😂,2
Feliz cumpleaños tigre🐯 nuestro mejor técnico de la selección que cumplas muchos años más... Dios te bendiga siempre 🎂🥂🎉🎉🎉😘,2
Mejor está la tigresa del Oriente 🙄,0
Se  botaron  baturen y hobbit 🤣,2
me botarán por llegar tarde 😭😭😭 pero el 18 ♥️♥️♥️,2
Alejandra Regalado Titto jajajaja como cuando nos botaron y se prendio la luz 😂😂 justoooo cuando todo era hermoso jaja ok no #tetaño<3,2
👍Excelente.. Muchos éxitos.  Poco a poco a paso firme.. Los resultados serán buenos. ✨👍,2
Nada estamos más firmes✏️✏️✏️✏️,2
ACOMPAÑA A TU NOVIA OE TARAO 👀,0
Contexto?? Y no salgan con sus wbds pss taraos🥵,0
Lo bueno que dijo que algunos son medios taraos entre ellos estaba el 😂,0
Se vienen los coches bombaaaa 😭,0
Es botar  celulares 🤷,2
"Gracias!!! Me han ayudado mucho de veras chicas y Jenny, mañana volare a comprarlo!! 😁💗💗",2
Hola Kari yo fui tercera fila y no encontré muchas cosas volaron rápido 😅,2
"Nosotras emocionas por las ofertas de vuelos que nos llegan al correo Deysi Diaz, algún momento habrá que comprar a ojo cerrado y volar ✈️🤭💪🤩",2
Los niños siempre inventábamos cosa yo quería volar y recuerdo que me concentre y cuantas fantasías lindas de niños que ahora ya cada locura tiene su nombre 😁😁,2
Jajaja parece un plancha de biscocho crudo 🤣🤣😂,0
Carla Elena RivSa miralo con mucho detenimiento 😁,2
"Me parece una falta de respeto poner me divierte en un testimonio tan fuerte y real que vivimos en la epoca del Terrorismo.  La señora Maria Elena era de la izquierda, era una buena mujer que lucho junto a las mujeres por el bien de su pueblo, . Fue asesinada😔 y merece respeto.",2
Maria Elena Ponce  😁😁,2
Madre mia mira Norma Elena Rojas ahi estabas😓,2
Tanto que dicen que nadie ve Willax Televisión ya m siento una vidente viendo más allá de lo evidente 🔮🪄,2
RAFAEL LOPEZ 🐷🐷es TIO CARNAL  de PHILLIPS BUTTERS🐽🐽🐽 por eso se le volteo Willax a KEIKO🐖🐖🐖🐖🐖🐖🐖🐷🐷🐷🐷🐷🐷🐷🐷🐽🐽🐽🐽🐽🐽,0
Cómo puedo ver Willax por Facebook please no tengo cable 😭,2
Eso le pasó a Óscar del portal por haber desafiado a Magaly diciendo: Yo amo a mi esposa y no temo a ningun ampay de Magaly 🤣🤣🤣,2
Veo q a la gente no le importa el ampay de vaneza🤣🤣🤣🤣🤣🤣🤣☁️☁️☁️☁️☁️☁️☁️,2
Tiffany 😆😆😆 lo que hace el ampay,2
Ojo por ojo... Ampay público por Ampay publico 😅😂😂,0
Y saldrán muchos ampay cuídense🤣🤣🤣,2
Yo hice arrocito con leche para esperar el Ampay 😌🤣,2
La culpa es magaly si no ampayaba nadie se enterraba 🤣🤣,2
"De hay vienen los  Ampay de su elenco por Magaly y así de poco a poco va decaer  ,lastima lo que sube rápida cae rápido 😏",0
"Axel Ventura Jorge pq su viejo la llamó de donde xd, como tendría celular digo yo y porque estará ahí 🤔",0
Andre Castillo Utrilla ese eres tu medio viejo medio amargado 🤣,2
Lo k para uno es viejo para otro es nuevo 🤣🤣🤣,2
Maria Elena pobrecillos 😂🤣,2
Maria Elena Galvan Macavilca Nelly Macavilca Arturo Galvan Jorge Alfredo Moreno Garcia tíos miren este video 🙌! Que viva nuestro país 🇵🇪🙌,2
"Oye cabra, tú crees que María Elena votaría por Keiko???? Ya no sabes que hacer porque sabes que el 6 de junio te botan de Perú por vendido y por cabra. 🤣🤣🤣🤣🤣🤣",0
Arian buscándote Maria Elena Torres Vasquez 😅😅😂😂😂😂,2
Me gusta ver tus vídeos así voy conociendo cada rinconcito de tu hermoso pais un fuerte saludo desde La Libertad península de santa Elena Ecuador 🇪🇨,2
Maria Elena Herrera Olaya  llévanos 🙏🏻🙏🏻🙏🏻🙏🏻🙏🏻,2
Magaly necesito ampays 😅,2
Creo que me ampayaste jujuju es feo cuando te choca la altura ami me pasa a menudo que viajo 😣😣😣,2
Pero qué ampay si ya hasta en la fiesta con la familia están juntos ? En fin 🙄,0
Zhyra Elena Herrera ¿amor? 😚😍😍😍😍😍✌️😁,2
"Lloré con este testimonio y recuerdo vagamente a Maria Elena, ahora se mas de ella 😢",2
Esto van aser crjo Erick Benavides Elton Benavides😂😂😁,2
‼️EL GRAN PROBLEMA ES Q LA PRENSA MERCANTIL Y MEDIOCRE YA PERDIÓ CREDIBILIDAD Y A ESTA sra Cueva YA NADIE LE CREE AUNQUE SE PARE DE CABEZA 🤷🤦😜😜😜😜😜😜😜😜😜😜‼️,0
Ya perdistes sr beto ya perdío su candidata no sea tan desubicado busca donde no hay 😒,0
Jeraldine Carpena YA PE OE PALTEAS 😂😂😂,2
Jajajaja ya perdí la cuenta 🤣😂🥰love that cometario si se escucha bien,2
"Oe, pero hay que apoyar porque es ""cine peruano"" ya pe! 🤣",2
"Sheila Olán que procede😂😂 a mi me dan miedo las agujas, mejor préstame la tuya♥️",2
"Esa gente. Discrepo con Mayra. Pero leo gente que según ellos respetan la RAE. Ya pes caushita, que foe. 🤯",0
El culpable es el que traiciona  nadien deja entrar en  una relación  a un tercero si no quiere  no hay escusas para dañar el  corazón ❤ a otro ser que siente igual  que tu,2
Como el dinero te puede cambiar y dañar a las personas indefensas 🤦🏻‍♀️,0
"a quien le importa la vida de este par de zambos feos, inmorales, desubicados e impresentables lindante con lo delincuencial 🐵🙉🙊",0
Ana Claudia Arroyo Velazco recuerdas???? Raspados sabrosones del zambo!!!! 😁👭❤,2
La cobradora entrega do la cutra 😂😂😂,2
No sean palpensados!! Solo es para revisarla y ver donde esconde la cutra!!!! 🙃,2
Me pone muy triste tu dolor betofilo 🥲tu mami no te enseño q los hombres no deben llorar cada rato ?.acéptalo por favor ya perdió la señora kk...ya no llores más q también me vas hacer llorar a mi ... 🥲🥲🥺🥺🤭🤭,0
"El 2!!!!  Ya pe’, misias!!!! 🙏🏻🙏🏻",2
Emerson Navarrete  ya pe g1l!!! 😆😆😆,2
Jajaja! Siiiiii porque domarr a una yeguaa salvajee difícillll!!! 🤣,2
Fuerza 🐎🐎🐎... Todos unidos jamás vencidos... Pero dime  la cavalgaste ala yegua ...  🤤🤤🤤🤤🤤🤤,2
Juan Farro Cusma así te voy hacer ☺️,2
Jhosep Cusman Iglesias 😂😂😂,2
Tania Marino Rojas Judith Cusma Jenny Miranda Agendar EL cumple. De Zeus deberíamos 💕🤭,2
"Sí, pero en willax... o sea 🤦🏻‍♂️",0
Tiene sus horas contadas en willax la BETO 🤭 🤣🤣🤣 está desesperado,0
Marche hilo y aguja 🙈,0
Jose Rojas Jairo Tapia Willy Cespedes José Lázaro Jackeline Pastor Honores 👀👀👀,2
Ah pero cuando probaste la bombilla de cuero no decías lo mismo 🤣😂🤣😂😂,2
Duvan y Willy son la muerte 🤣🤣🤣🤣,2
Fiorella Willy vamos a Machu Picchu 🤩,2
"Para los q quieran viajar y estan aguja. esta es tu mejor opción.. con Omegapro podras viajar a donde quieras sin preocuparte del dinero... ponte una meta! Informes 915198544  Que es OMEGAPRO? 👇🏼👇🏼👇🏼👇🏼👇🏼👇🏼👇🏼👇🏼 https://youtu.be/4wBv9supny8  Regulación y transparencia, Juan Carlos Reynoso G.General de omegapro Latinoamérica. 👇🏼👇🏼👇🏼👇🏼👇🏻👇🏻👇🏻 https://fb.watch/cW35zOh8Lo/  🇬🇧🏆🇬🇧 Información de alto valor, aprende como se mueve el mundo digital y como puedes tomar ventajas y tener un futuro de a abundancia económica gracias a los activos digitales... no te quedes aprende informate y comienza.. El mundo FOREX tiene 90 años de existencia, y la compañía trabaja en esa industria ya 8años.  _Si no te educas, nadie lo ara por ti !!_",2
Ye vete e merte Meyre Cuetee! 🚀🚀😒,0
Que melo a las agujas😔😔,0
"Te veo y me traumo😭😭me da pánico las agujas, ha diferencia de mi beba de tres años, que cuando ve que le van a poner inyección ella dice, respira y empieza a contar 1 2 3 4 5 🤭🤭🤭que te mejores mi beba te ve y me dice, que respire mamá y no le va doler, ella es un mate de risa.",2
Danitza Alvarado quisiera pero tengo miedo a las agujas:c Psdt@: asi podran desaparecer tus granos 😂,0
Verónica Casa. Mauricio Espinoza Hidalgo. Sebastián Cuero. Alex Siza Duarte aprendan 😉,2
Unas amigas me dijeron que te pinchan el cuero cabelludo y es doloroso 😖. Como fue tu experiencia???,0
Liz Alburqueque Camacho  el chef cuero  que viste en el aeropuerto. Sr. Diego no aviso 😭😭😭😭 saludos,2
Yo jajajajaja 😬😬😬😂😂 mi amorr Willy Quispe jijij,2
Tu cuchillo no corta 😱,0
Ese cuchillo quiero. 😁😁😁,2
Buena entrevista BETO eres uno de mi favorito de Willax 💙💙💙,2
Asu q variedad de cuchillos siempre actualizandonos en la gastronomia 👍,2
Yo quiero ese cuchillo 😭,2
Que rico cuchicanca de mi lindo Huaraz. Lo máximo!!! 😋👍,2
"Efectivamente, ....si nó le damos mantenimiento,  los músculos se desgarran... y se siente cómo que alguien te pasa una cuchilla bien filuda. Poco a poco las piernas se hacen hermosas...🤗",2
"Envestigar, qué envestiga está Sra.! Oh me pregunto, qué son de los corruptos de Hinostroza, Chavarry, Toledo, Humala Cuchinski, etc?  Hasta cuándo vamos a esperar qué, estos Señores estén en la cárcel pagando condena y de ahí salir sólo en cajón o cadáver? 🤷👏🙏👉.",2
"A través de tus experiencias, nos enseñas mucho de diferentes temas, eres un hombre culto, muy curioso de lo desconocido pero sobre todo muy  compartido, que siempre te desprendes de toda esa sabiduría adquirida para enseñarnos con hermosas e interesantes historias tus vivencias. Eso demuestra la sencillez y calidad de persona que eres, muy admirable, sigue así.   Mmmm y que tipo de cuchillos piensas comprar, y esas espadas samurái son lo máximo, solo las vi en las películas, una de adorno te tendrás que traer. 😉",2
Así se ven 10k verdes aparte del viaje🤑🤑🤑,2
Cigarrita en QUILLABAMBA hay bastante y lo conocemos de jhessje Xq chilla jhessjheeeesssjhessssjhesss Jhesssjechaajhesssjechaaa🤣🤣no seee algo así y son de color Verde. Pero q se coma? No lo sabía. Wacalaaa🤢🤢,0
En la fuersa verde 👉👉💚💚💚,2
Pintate el pelo de verde y te a largas la boca 🤔,0
Ahí está su verde Carla Apac Martha Cortez 😁 ,0
Con el polo de rinoceronte verde 😅,2
Mi reina miraaaaa!!!😮😮😮 Luisa Maria Valiente Vergara,2
Geraldine Vergara🤣 tu vida,2
Miluska Vergara Juana La Cubana vamosss 😁,2
Hoy vi una voluntad a 247.00 color verde 🤭🤭🤭🤣🤣🤣 pero ni novio tengo 😅🤣🤣,2
Pedro Johannes se me parece a alguien que conosco taggame a ese sujeto pofavoo😪,0
Buenas noches naty mis mas sentido pesame a todos los familiares 🙏🙏🙏🙏💜💜💜🇵🇪🇵🇪 te conosco desde el club Regatas Lima cuando entrenabas en el coliseo del club bendiciones,2
Alondra Zaldivar tunas 🙄,0
Oe Yajaira Alejandra Bautista Elguera Rubi Vargas Ormeño sus conos 😂,2
Julissa Allca tunas pidiendo comida 😂😂😂,0
Una pregunta porque no vas a los conos  ?😞,1
Lisbeth Castillo Vargas conosco a unos  tóxicos  😂😂  asi !?,2
Manolo no conosco al nuevo Jhony 🤣🤣🤣,2
Me gusta lo q piensa de la vida  Q mientras ahy vida se puede lograr un objetivo  BUENOS VIDEOS HACES GERARDO SIGUE ASI GRACIAS A TI CONOSCO UN POCO DE PERU  🔴⚪🔴,2
"Déjense de vainas que tanto drama haces si a las finales casi Nadie quería vacunarse en ese entonces puesto que era como por decir un experimento aún 🙄y no sabían si era seguro o no , el se vacuno corriendo riesgo de poder morir por efectos secundarios,al igual que todos aquellos que se han vacunado porque alfin de cuentas todos somos humanos pero nuestros organismos no son los mismos en reacciones , el error de él no fue vacunarse,su error fue no comunicar ,porque si el hubiera comunicado que iba a vacunarse para esa vacuna experimental en ese entonces todos lo hubieran elogiado y tratado de valiente 🙄🙄 pero como no lo hizo ya todo el mundo sale a críticar , los demás por igual ",2
Tanta vaina por ese premio 🏴‍☠️,0
Yo recuerdo verla en esta vaina que se llama esto es guerra creo 🤣🤣🤣,0
Siga de chismosa 😂 cual trabajo haces? Exponer la vida de los demás? Esa vaina puede esperar,0
Tanta vaina. Para perder...🤣,0
Brigette Irene Flores Cáceres esto me hizo acordar cuando me enseñaste el aoi no recuerdo cómo se llama esa vaina 😄,2
Castor viejo y su alianza donde esta esta escondido de bajo de su cama🤣🤣🤣🤣🤣🤣🤣🤣🤣🤣🤣,0
Que le cambien de meza al viejo jejejeje 😁 😜,0
que cara de verga 😂 yo me quedo en casa  por me llega  hacer eso no lo ago prefiero que me peguen ante que ordenen  a gritar por la calle 😂,0
Elena Vergaray Quiroz me lo merrrresco 😨 Jajajaja,2
Johan Marquez y pensar que fuimos donde esa vieja 😬,0
"Asu señor Mox, te veo y me siento vieja😱😓",0
Shary Vergara Ayras tu marido ya fue 😂,0
"Mamá yo quiero esto Ana Gonzaga Ochoa tía dígale a mi mamá que quiero esto 😕 que rico, mamá vieja ummhhh retrocedi como 25 años atrás",2
Cuando no tienes cerebro para escribir una canción....  Tucu Taca Tucu tu ca ca tu ca ca tu ca ca La vieja confiable 🤮,0
CODIGO SIN VIEJA 😳😳😳😳🦎🦎🦎🦎,0
Siempre regia y cin ese vestido más todavía todo te queda excelente 👌,2
Maria Pia Copello siempre regia me encanta verte en tus vídeos saludos desde Chiclayo 😍💝🌹,2
"Chicas regias, que lindo que esten disfrutando su viaje a Egipto, se ve que es un país fuera de serie😄😄😄",2
Quedaste más regia. 😁,2
"Jajajaja te pasas María pía harto vas a hacer todas esas cosas aunque sea con ropa común 😁 ignora las críticas,que lo regia y carismática nadie te lo quita 🤗",2
Se te ve muy regia con ese vestido y con todo lo k te pongas x k tú eres muy bonita 😍 muchas gracias para ti reina,2
Feliz de verte tan linda PÍA te amamos y no se si me puedes prestar tu vestido para hacer todo lo que has hecho en casa te ves regia jajaja😂😂😂,2
🤣🤣🤣🤣...Que regia te ves ..sigue asiii ..bendiciones,2
Linda en cualquier situacion Regia😍,2
Siempre regiaaaa Pía 🥰🥰 Sigue disfrutandooo 😂😂,2
Bien 🤣 tú siempre  lucirás regia y hermosa ...lo demás  es por pura envidia,2
Bien feo es cachoo😁😁,0
Una mujer perdona los cachos porque se los vamos a devolver 😏,0
Yordi David Cacho q.mate d risa !!!! ... yo no soy asi mi amor 😁,2
Jajaja Cacho muy bien con los modales..todas son unas chuscas desorganizadas 👋👋👋 Bravo Cacho ...,2
"yo ni cuenta que rajaron del vestido de Mari pía  Jajaja jajaja me isiste el día 🤣🤣😂y veo el por qué la envidia me encanta el vestido y dudo que me quede igual por lo redonda que estoy ,al igual si me gusta algo  me pongo y a bailar sin importar las críticas ,uno hace y se pone lo que la hace feliz ......",2
"Leyndo comentarios para ver que se podría rajar de este vestido hermoso y cuerpo hermoso y más veo comentarios de apoyo.... viva la Karina, pa q todos pongan like - mkt subliminal 😉",2
Ana Quipuscoa Bryan Garcia JAJAJA estos pudimos ser nosotros pero se paltean😂,2
La.mejor técnico después del Maestro Manbok Park vamos pues Naty no te hagas de rogar firma... extrañamos tus palabras dulces con mucho caché jajajaja te queremos Naty 🇵🇪❤🇵🇪😇😘💞,2
"Regiaza, si yo tuviera ese cuerpazo también usaria vestidos asi... pero no 😁 No hagas caso a los comentarios desatinados de personas sin vida que solo saben rajar",2
Lo dejaron cachete a Garrita 🤭,0
"Esos cachetitos, te esta haciendo efecto nuestra rica gastronomía 😉",2
"Webon, si a mí me regalan un saludo del Bicho le perdono los cachos 🥰",0
Andrés por cabro no llega tener hijos 🫣🫣😃😃😃,0
Amor de madre la única cabrona que en este mundo va ser real Contigo hasta la muerte amor sincero amor real amor de madre baby este niño merece ser famoso hagámoslo viral ♥️🙏🏽,2
Que Roche decir que es presidente del Perú  🙄🙄,0
Tanto será la cabrona.....da🤣😂,0
Como cabro que es...sin identidad😂,0
Chumay ElBb Alfaro  pinche cabron te estoy vigilando 🤣🤣,0
"Que bueno y q gusto meda por fin se pronuncian he millon de gracias 🙏 al comandante y el país entero Le Apoyamos he, al burro hay q enceñar a respetar",2
Que roche así es! Ahora usan mandiles rosados 🤣,0
YA SABÍAMOS QUE ZUBZUCK ES ROSCA Y QUE SE IBA ECHAR A FAVOR DE LOS 💩 U 💩 KKKKKABROS,0
"Haces el ridículo Beto, tremendo roche que haces sobre las vacunas en Chile 😒",0
"Es rosca el presidente? 🤔 🤔 🤔....  Asu, que escándalo!!!! Motivo más que suficiente para vacarlo por inmoral",0
"Bravo !!!! Ahora a traer la copa, porque serás la campeona después de todo este Roche... no para ti, tu nunca quedaste mal al contrario nos diste muchas alegrías 😁👍🏻",2
Uriel Tafur así te voy retar 🤣🤣🤣🤣,2
"Abel amor  sinceramente a mi me pasa esto 3 días antes de la regla , durante los 6 días de regla y 3 días después que se haya terminado ,por eso cada vez al mes hay días que estoy sensible , renegando bastanteeee , llorando por algo pequeño y/o sin saber porque estoy depresiva o triste , aparte que como mucho más , ya he descubierto que es por esto 😞☹️☹️ es inevitable",0
Infraccion para el arbitro de brasil por no respetar los codigos o el reglamento del futbol que mire bien el bar y saque sus propias concluciones 😐,0
"Me recuerdas a una dama que hacía dieta ante del desayuno y después del almuerzo. Un médico le increpó y le recomendó que por lo menos comiera un solo pan. Ella ufanamente le contestó que en eso si seguía las reglas comía solo un pan, pero de molde 🙃",0
Parece que se lo diseño un niño de primaria con una regla 😜,0
Metanle un cachetadon 😂,0
Kevin seria bueno que cumplan estas reglas 😅😆,1
No pueden retar al narco si el mismo gobierno les dió poder k estúpidas palabras dijo ese hombre 😁,0
Jajajajjajajaja mira amorcito Luis!!! 😂😂😂 es exacto lo que es la regla bu,2
K1 ? Si Arturo se lo cacha 🤣,0
Falto el pollito a la brazo ya que yo no ecomido como enchiclayo un pollito tan delicioso en otros lugares y también faltó el champú con cachanguitas delicioso 😋😋,2
Suarez Johnny por escuche Cachay 🤭,0
Sarela normal/durante la menstruación/después de la regla/cuando hace calor 😝,1
"Qué vamos hacer ante el 70% de informalidad en el Perú.... Es una labor árdua para hacer cumpliar las normar, reglas, y leyes a todo el pueblo peruano😞. ¿Cómo hacerlos entender ?",0
"Mi gran respeto  y admiración para cachay,  de razón ganamos la guerra 👍🤣",2
Javier Cachay Alcántara grande mi faraón 😎,2
GRANDE CACHAY. SU SU SEÑORA HIJA. 🙏,2
Mucho cachay en chile 🙊,0
El dueño del lápiz siente que se está quedando sin punta que mejor sitio que huir a México de izquierda que está aún económicamente bien 💣🐀💵✏️,0
El puntaje será mejor en la 2 da gala 💪🏼,2
"Lindas playas, Los Organos, Punta Sal. Inolvidables recuerdos. 🤗",2
Nadia Mendez Cabana para ir por Punta Olímpica 👭,2
Leo Pèrez J por ti fresh! 😂😂😂,2
Barbara Portella Valdez por mi fresh😂,2
Para mi fresh ...😂😂 o no... 😂,2
Vamos Perú 🇵🇪🇵🇪🇵🇪 tu puedes estás bella lucianita bien fresh,2
"Valeria Zapata ""Es algo fresh, mañana tengo que salir así que me voy temprano"" 😂",2
Antiguamente era así.. O te sacaban el ancho a punta de granputiadas o a punta de San martincito correa o cable o lo k encontraban pero ayudó mucho a corregir en esas épocas gracias a eso muchos no son fumones ladrones xk no todos los niños tienen el mismo temperamento hay los k son muy trankilo tos y hacen caso hasta los más rebeldes k dan ganas de partirlos en dos jajaja pero es parte de las vivencias de esa época y toda la adrenalina de sentir miedo y a la vez respeto x esa persona k te dio la vida k con solo una mirada uno hacia las cosas sin chistar.. A comparación de hoy en día donde las mamás se creen buenas madres pero no saben ni corregir a sus hijos. 🤷‍♂️,0
A mí lo único que me dolió fue la vía 😅 y de ahí todo fresh. Creo dolor con la cesárea :),1
Bien tobi bien sigue así con tus vídeos nos hacen cagar de risa👍🇵🇪😁,2
La cabría profesional 😂,2
Felicidades profe excelente técnico 🥳🥳🥳🥳,2
"Un ceviche en Punta Veleros, qué delicioso!!! 😍",2
"Patricia León Yanett León Figueroa, yo casi casi el día de fuimos a la punta olímpica jajajajajaja hasta que me dormí 😂😂😂😂",2
El ceviche lo es todo yo si subo a la punta del cerro bendiciones..🤗🥳🥳👏👏🥰👌,2
"Osea por favor el tequeño te costó un sol , que esperas ? Queso desde la punta hasta el final ? No seas malo 😂😂😂",0
"Esta si que es mas fría que el hielo ay y va ser turbulencia en la cama hay no y va a cornetear jajajja hay que noche pucha doña flor,. 😂😂😂🤑",0
Jajjaja pucha era por el nuevo sponsor igual voy a seguir comiendo rico 😋,2
Josseline Correa Soifer Estefanía Pellegrini Antonella Malatesta pucho las fotos ozzies😂,1
Ese ají pica doble que delicia ceviche de pescado y pulpo 🐙 yummy 😋 ,2
"Luciano me encanta,  y el pulpo también.  ❤❤❤❤",2
Es publicidad antikeiko? O puedo verlo fresh 🤔,0
Yo haciendo mi lista de todo lo que haría si no fuera mamá de niño pequeño 🤭✨😎✨🤣🤣🤣 Amo ser mamá! Porque así lo quise YO… … y no tiene nada de malo no querer serlo. RESPETO GENTE!! 😉 Jely 💛 siempre tan fresh! Nunca cambies 😘,2
Con una moto así podría ir a visitar a mi bombón 💕 al otro lado de Lima 🥳 Mauricio Salguero Quinoso,2
Anderson José Quinayas la toxica .😂😂,0
GPRDO IMBECIL( PARA CON ESOS MOGOZOS BORRACHOS  Y LE AGARRAN DE PUNTO 🤔🤔🤔🤔🤔🤔🤔🤔🤔🤔🤔🤔🤔,0
Escusas . Son pl@nas y punto jajaja😂,0
😍 que rico se ve todo contigo jijiji! Sorry no lo puedo evitar 😍,2
Mi no entender taka taka I sorry 🙏😱,0
Y porque? Sorry por la ignorancia 🤷🏽‍♂️,0
🤣 sorry pero fue inevitable 🥲😅,2
 Xiomara Cristina G Lapa sorry amiga pero tienes q verlo 🤣,2
Asu esa flaca que espanta clientes 🤦🏽‍♂️,0
Esa flaca es fábrica de delincuentes...😜🥴😆,0
Siiiii Luciano es una cena para compartir con todas tus fans. Sorry seguidoras.. 😃,2
Estefania Poggi suave con el tequila! 😆,2
Manolo suave con la lamida de vaca... eso es como una lamida de lija 😛,0
Bienvénido oliver Stone 🤭,0
Miguel Mco Allison Ximena jajajajaja sorry gana la bff :v💙💙,2
Esos ones están más stone 👽🥴,0
"Oeee Naty, no te pases pues, no dijiste suavecito!!!! No 😢😢",0
Hola mami dientes  mi hijo de 4 años ..el se cepilla sus dientes sólo...pero luego yo le vuelvo a lavar como refuerzo..es la única manera q se cepilla xq no le gusta q yo le haga...quiere solo😣en fin ...tengo problemas con el cepillo dental porque no pasan mas de 3 semanas y lo deja como aparece en la foto y no es porq se pone a jugar..se dice q el cepillo se cambia cada 3 meses pero nose q cepillo usar por ahora uso Colgate 2-5 pero sus cerdas creo q son muy suaves..q me recomienda.,1
Eso suena muuuuuy suave...en mi país somos campeones en los insultos 🤣😅,2
Angelo Sebastian Roussel Vargas del Valle Manuel Caccha Quispe Fernando Caccha Quispe jajaa controlen a su flaca pues jajaja 🤣🤣,0
Futuros socios del gremio ....😁😁,2
Darwin Dlc qué esperas socio 😼’,1
Mi caminata sería con mis socios Sofy y fernan 😜 el 2021 será año de caminar 🐾🐾🐾🏔️🌊🏞️🌲🌈🌦️,2
Di Stefano tu flaca Marlon Alexis😂,2
JJAJAJAJAJAJAJAJAJAJAJAJAJAJA Pamela Agip Padilla Isa Allemant Ortiz Vannya Del Solar Pacheco Daniela Grández 🙄🙄🙄,2
Hablen de Aramu Muru y el disco solar Inca 👽,1
Carolina Barreto Solar tú también caes amiga JAJAJAJAJAJA 💙💙💙💙,2
Ah esa flaca no le entendí ni mda weon no seas pndjo que idioma es eso 🤦🏻‍♂️ keeeee es esooooooooooo!!!!,0
"Yo , Solaris con tener un hermosa esposa japonesa delgada , bajita , bonita para apapachar besar y otras cosas más 😍😍💥🔥🙏",2
Kike Lévano Begazo Jozze Hernandez Molero Rafael Velasquez Alonso Solar Alonso Esquen Castillo 😂😂😂,2
Bryan Choque Alegria tiene tanta razon 🤣,2
"🤣😂🤣😂🤣😂🤣Me hicistes el dia, de tantas lágrimas. 😉",2
A ven tanta bulla qué hacen el chat no escuche lo qué dijo magaly 🙄😅🤭,0
Jesus Suclupe yo me llevaría muy bien con ellos... 👉👈 esque no me gusta que tiren la basura por ahí cuando hay tachos donde ponerlos...,2
"yo no lo veo ""divertido"", pero, si te parece gracioso ponerlo. 🤷‍♀️normalmente eres una de las personas que mejor me cae del medio, no te tacho por éste post y respeto la intención que tienes al publicarlo, pero, no la comparto.",0
Pame te pasas q no aprecias el combinoche 🥺🥺,1
Me encantan todas! 🤗 Mi opción favorita es la cartera reversible porque con esa mi mami tendría más de una opción para combinar con sus distintos outfits y justo estaba buscando una cartera para regalarle porque sé que le encantan 👜✨,2
Me hiciste recordar mi época de volantero vaseando mi mochila de propagandas en los tachos del Interbank 🤭🤭,2
Isabel Brito Rueda tuuuu 🙊,2
Te brito quiere ser su ministro del ambiente 😂😂,0
"Anais Nayeli mira mana como malgastan el talco, uno que es pobre le falta 🤧",0
Karla Brito Marcos Marín Palacios 🤣🤣🤣🤣🤣,2
Jose Campos Silva preparo el talco 😹,0
Grayse Stefany te comes todo el talco🙂,0
Que le regalen espejo y le quiten el talco de la cara 😂😂😂😂😂,0
"Habrá que aprender las artimañas de la izquierda, ya saben gente sea el candidato que elijan, si lo quieren ayudar en las próximas elecciones ofrézcanse de miembros de mesa con su familia, así ponen el número que quieran en las actas porque al final las cédulas se rompen y nadie podrá corroborarlo, y a los nuevos partidos que postulen que aprendan que ese mismo día deben impugnar las actas de la competencia porque la ONPE te hará caso y las echará al tacho 👍",0
Esas flacas qué tiene esa personalidad lo es todo 🤤,2
"Si vas a Chimbote fijo tienes que comer combinoche todos los días , lo mejor 😋🙌",2
"Es una pena ver como en tantos me divierte, tantos comentarios si yo viciaré mi 🗳 voto, odio al fujimorismo, solo produce lástima y refleja la falta de educación y empatía hacia su país!!!!!  SÓLO RUEGO A DIOS PARA QUE POR CULPA DE ESA IGNORANCIA Y NECEDAD DE ESA GENTE EL PERU 🇵🇪 NO SE VAYA AL TACHO !!!!!!!! ",0
Luciano Mazzetti  y Inside Tacherman......me mueroooooo🥰🥰🥰🥰🥰😍😍😍😍😍,2
"Johanna Quiroz Jose Guzman su combinado que preparaban, con sus maruchas demasiado picantes 😜",1
"Que orgullo ver a una peruana salir adelante con algo tan típico, tan nuestro como los tamales. Dios la bendiga mucho y venda a mucha gente!!😍",2
"Milu, Edgar han probado un combinoche? 🤤",2
Josselin Ravines combi noche 😛😋,2
"Hay locales en Mala que preparan pésimo el tamal😣 demasiado colorante,exageran de condimentos y es aguado... decepciona la verdad pero tendré que ir a probar a estos lugares, se ve rico 😌",0
Este juego está para dejar los tamales pero con ese que tienes ahí no se va a poder 🥵,0
Antonio Saravia Gamarra el rey de los tamales en tenerife 😉😉👏👏,2
"Cuando dijo sobre el cielo gris, solo pensé en una cosa: PANZA DE BURRO 🤣🤣 Kayssy. Saludos desde Arequipa, la mejor ciudad del Perú ✌️😘",0
Igual k el burro castillo😅😅😂,0
"El solo defiende esto👉💵, Mientras más tiempo dure el Burro en el poder, ellos seguirán Cobrando (Tan fácil es las matemáticas 💵🚩)",0
Los mismos burros que votaron por el ahora lo quieren sacar 🤣,0
Metele el floro que le metias al gato cuba cuando salias con el gato activador 🤣🤣🤣,0
Pasu con ese floro lansate para congresitas cholito!😂♥️,0
Que tal floro de cuevita 🤣😅 vamos a seguirla 🍻🍺,2
Le falta floro al tío  👀,0
Katherin Flores Márquez Lu del Carpio... el floro barato 😂😂😂,0
Son los mejores de combate los rekierooo besos para el 🐷,2
Mandenle a su casa de esta Mierda a todos y que los mantenga con su salario y ya esta solusionado👍,0
"Chicas les comento que yo hice el mismo tour que ustedes: Puno y Bolivia, en febrero de este año, el salar de Uyuni era un destino que tenía planeado desde hace mucho... No había llovido en semanas y justo el día que voy al salar (supuestamente en buena época) llueveee y se nubla el cieloooo 😢😢 no se pudo formar con precisión el efecto espejo que tanto añoraba jajajaja. Aún así la pasamos lindo y pude sacar fotos divertidas (como la de mi perfil 😁) es un lugar increíble 💗... Sigan con los éxitos, son súper divertidas! Misias pero viajeras",2
"Boliviaaaaaaaaa, para saber la situación actual del salar 😞",1
Jean Carla Nova Martinez para que vas al salar 😉,1
Ya vas a salar a De Soto 🤦🏻‍♂️,0
.. Me PARECE ni un cuiko le dio la hora de la entrevista 🤦🤦🤦🤦🤦 pero la rubia qué se parece ala pamela giles se creía y tenía la pura cara de CUICAA 😅😅😅✌️✌️✌️,0
Scobar Miuler  WUAO QUE HACE TU RUBIA ALLI 🤣🤣🤣🤣,0
Nadia Hearts  rubia cuando  somos pollito 🐣 😉,1
Jennifer no me contaste que grabaste un video cuando eras rubia 😂😂,1
"A esa es rubia nadie la quiere, si la quisieran no estaría haciendo tal frivolidad tan solo por retener algo. Siente mucho temor que si se va el tren Literalmente quedaría sola 😔",0
Arón Levano JAJJAJJAJJAJJAJ ES TU VERSIÓN FEMININAA LA AMIGA DE LA RUBIA JAJAJA 😂😂😂,1
Por mi ni salgas en toda tu vida mi burro rebuzna mejor que lo que tú cantas 😂😂,0
Guapa Dios te bendiga junto a tus príncipes te sigo  desde combate saludos desde chileeee  somos Peruanos de ❤❤❤❤❤❤❤❤❤,2
Poco floro si voto por ti es porque no tengo otra opción lo hago por mi patria!! No por ti!! Como dice mi candidato !! 💙Es mi opinión!! Ella estará 5 años el otro candidato   destruirá mi país nadie lo saca!!,0
Más Burros qué un Burro 🤦‍♂️,0
Yoselin Benites Vidal a ver si al menos salimos a comer combinado 🙄 jajajajaja ,2
"Felicidades Beto,como se decía antiguamente (y yo lo soy)llegue para sobarte la ""jorobita"",felicidades y éxitos todos los días de tu vida y sobre todo hago votos para que siempre conserves la inteligencia,sagacidad y compromiso con la verdad que te hacen único...FELIZ CUMPLEAÑOS!!!querido Beto y seguimos esperando tu retorno,te necesitamos más que nunca!!!😍🎉🥂🎂🎁🎈",2
No se debe sobar el brazo donde te pincharon 💉,1
Me encanta q sigas juntos 💕  pues yo los sigo desde q estaban 3n combate   felicidades a los dos,2
"QUE HERMOSOS SON, SE VEN PRECIOSOS JUNTOS, AMO SU RELACION, LOS SIGO DESDE QUE EMPEZARON A ESTAR JUNTOS EN COMBATE😍😍 LOS ADORO CHICIS FELICIDADES POR SU PRECIOSO💘👣",2
Mi opción favorita es la cartera camel reversible que sería un regalo perfecto para mi mama ya que puede combinarse con mucha ropa 😍,2
Charlatán de charlatanes!!🤣🤣no sabe ni mi€rda Filip kaker lo único que sabes es sobar las pelotas..🤣🤣,0
Jett Seminario tú serías la flaca 😂😂😂💜💜😍,1
"Que sobon este jurado ,buen cuerpo Samahara , 🤣🤣🤣🤣",0
Ya espejo más sobon no puedes ser 🤣🤣🤣,0
"Ni idea de quien seas, pero es la segunda vez que un video tuyo me sale sugerido, el otro fue una tremenda soboneada a Cachín. Con este, queda claro que te estás superando. Para cuándo la lavada de cara de Vladi? 😅",0
"Tremendo sobonazo este pelón descerebrado, también le faltaría ocupar el ministerio de la mujer jajaja 😂 😅 😜",0
"Que triste q ahora q no tienes programa estés de sobon en todos los programas, gente como tu de asco 🤢 ",0
Me an echo flacooo jaja 😂,0
Mi  Mario es lindo e inteligente y sobre tdo humilde y tds lo queremos a mi combatiente😘,2
Daniel Castillejos Faviel jajaja muero de risa flaco.... Así o más dramática amor🙈🙈🙈😂😂😂😂,2
la que piensa solo en tomar : obiooo yoo 😝                                             la que solo va a buscar flaco : Vargas Rupay Luciana Camila👫      la mala influencia : Mirian Limascca 😈                                                                                la santa: La xiomara alv :v😇,0
"Si fueras imparcial evidenciarias al burro camuflado de 🐽 quien sintiéndose devorado por el desafío del debate, no le quedó de otra más que  llorar victimizandose en tus faldas.",0
Amigas floro en viajes.. Katherine Cáceres Lizbeth Katherine A. Gomez  ambas Katherine  que casualidad 🤣😂😉,0
Me gustaría ganar la pizza mi hija adora comer la pizza 🍕  y le encanta tus videos. Eres muy divertida. Son una linda pareja ese lindo amor nació en combate,2
🤣🤣🤣 El flaco era terrible mortal kombat,0
Gabriela Allison Tarazona jajaj igualita a ti creo cuando tu futuro flaco llegue tarde 😂,2
dale de comer al chofer k esta mas flaco🤣🤣,0
María ptm así me imagino fe flaco 😂😂😂,0
🤣🤣🤣Ese cuy está muy flaco ni pa freír esta🤣🤣🤣,0
En un par de meses seremos flacos 🙂😞,0
Sarita Chamorro Haste revisar cuando diske sale a jugar ⚽ y no te lleva... ...🤣🤣🤣,0
"Prosor no le dice nada al chamo, porque sino ala olla 🤓",0
Claudia Chamorro Buleje  mira amor 🤣🤣🤣🤣,2
Carolina Chamorro nuestro caso 😒😒😒,0
"El hombre más alto del Perú, chamo 😂😂",1
K chino estás con chor  saussssssssssssssssssssssss👀👀👀👀👀👀👀👀👀👀👀👀👀👀👀👀👀👀👀👀👀👀👀👀👀👀,0
Hay que pensar en lo chingón que podemos ser. Abrazo moxxitoooo de cocholate 🌹,2
Imagínate lavar el baño con ese vestido y que le caiga cloro 🤣,0
YO ME CURO CON CDS(Dioxido de cloro) es mi desición a vivi💛💛💛,0
Gaston tu receta es espectacular!!!  Lo preparé tal como indicas y les encantó en casa... Gracias por compartir tus recetas ☺. Un abrazo desde Cochabamba - Bolivia 🤗,2
Cesar H'c una moto torito pa q no te hagan torito🔥 solo falta el chuzo,0
Hace rato termino solo la ignorancia sigue contratando directv choristar y cloro😅,0
"Carol Cochachi Vasquez  amiga tenemos que bucear 😅, no importa  aquí en agua dulce jajaja ",2
Pucallpa.. Atardecer en yarina cocha🍃🏞☺,2
Gisela AMuñoz para cuando me quieras jalar por allá 😋,2
Chino un saludo desde Argentina buenos aires 🇦🇷  bendiciones  chino soy tu fass número uno,2
Los mejores zapatos en Julcan_ Jauja❤,2
Hermosa mi Jauja 😘😍🇵🇪,2
"Una vez quedé en Ticlio 8 horas ☹️ santo remedio, ahora viajo en avión hasta Jauja",1
"Es imposible no agregarle ají a las comidas, es otra cosa!! Y ya se viene 20 de enero en Jauja festival de la tunantada., 👍🎉",2
"Que rico plato.  PERÚ, tierra vendecida.  Gastronomía de exportación y de lujo. 😎  vista mi tierra JAUJA.  Excelentes platos.  Desde Beirut un saludo. 😎",2
Leonardo Campos controla a tu jerma p kknero😝🤣🤣🤣,0
Para estar con ese gordo un  celular es muy barato que askooo🤢🤢🤢la jerma deve ser fumona seguroo🤣,0
Muy alta la jerma quiere uno más alto y se prende🤣,0
"Todo es mental, esté 2023, mental no voy a robar ni lo volveré a hacer, 😅 jauja City",0
"Mira amor, para que conozcas un poquitito de Jauja. ❤",2
Belen Mp Yarixza Ochoa Trujillo Stefanny Yparraguirre Wendy Cardenas Reyes Magaly Pilar Machaca Ari Alison Angela Auccasi 🤣,2
Bareto😎.Y el Mambo de Machaguay😁!!,2
Arminda Machacuay Meza oe vamos super barato cancun 🙄,2
Llévame en tu bolsillo!!☹️ Almendra Doroteo Machaca,2
Gustavo López Machado ☺️,2
Saludos desde argentina china 😄😄😄😄😄,2
Ese soy yo Juan Carlos Lezama Arias macho alfa !!!😂😂😂,2
Lindo Cristián un poquito de agüita china no creo que te moleste grandes los dos ☺️,2
Jajajajaajjaja la china tiene un tacto para detectar cobardes 🤣🤣🤣🤣,0
Beto... Encierrate con tu macho.......frustrados siempre habran👍🏼👍🏼👍🏼cada día estas más loca.......ya te toca creo... 🤭😂😂😂,0
Se enamoró de un carnero 🐏 macho 🤣🤣🤣🤣🤣,0
Está canción...hasta el más macho de los machos la canta🤣🤣🤣. Mi bebito fiu fiu 😁,2
Lo máximo gordo.... ya hacían falta tus videos....sigue así causa eres muy bueno... Arriba Perú🇵🇪,2
Jajajjaja solo me causa risa🤣🤣🤣🤣,2
LOCO IORI videos mira tu causa ZAMIR 😆 como babea por flabia,0
-Si o no causa!? -Sí causa!!!!!  😂🔝,2
"Asi es como se comporta un doctor Honoris ""Y"" Causa. 😂",1
Anda Hacerte cojer beto 💩🖕,0
Para la coima si los número 1 .........imbécil 🤦,0
Hily C Stgo pal año Que viene pero esta vez quiero ser santa 🎅 no quiero cojer golpe 😂😂😂😂,0
Y para desir te quiero cojer como se dise 🥺,0
Un montón de lornas están compartiendo este video dice y el mismo lo comparte 🤣🤣🤣🤣,0
😅🤣😂 y la lorna de nuevo le creerá,0
"Cuida a tu lorna, una quinceañera  te puede dejar sin pan  ni pedazo.😁😁😁",0
"Pobre china, no se lo esperaba 😁",0
"Yo soy horrible , pero tu chino te excedes 😱",0
🤣🤣🤣🤣🤣🤣🤣🤣🤣que malulo pobre china,0
Ximena Jhudit Jesús la China Nia nos tiene que llevar por esos lugares 🥺🥺🥺😋😋😋,1
"Gracias Cristian, lo hiciste por todos los que nos cae muy mal la china🤣🤣🤣🤣",0
Jajajaja cuando no Cristhian con sus travesuras. Inocente la China TODOS NOS MOJAMOS y vaya q se mojaron 😂😂,2
Mi causa Manuel Fernando Pinedo Valles 🥑🥑🥑🥑 ....🤣🤣😅😂,0
Ronald Victoria Ramos 🤣🤣🤣🤣🤣 tienes que verlo causa 😂😂😂😂😂😂😂😂,2
Población de esta ciudad por favor tomen conciencia 😔 es por su salud y de sus familiares. Esta aglomeración puede causar más contagios 😷,1
"Katty lo de leer un libro no me funciona. Yo me quedo leyendo esperando a que me entré el sueño y relajación del que hablas pero nunca pasa. Me doy cuenta que ya amaneció, pero tengo ansias de un capítulo más. 😢😭😭 Lee mi caso KATTYCHIC.",1
Jaja lo máximo Cristian Rivero eres un gran animador🤩jajaja espero que la china no se enoje baja😁,2
Quiero ir a mi hermosa Arequipa.. al Cañón del Colca 😍,2
Conozcan el cañón de los perdidos 😌,2
Eso le pasa x seguir tomando chelas heladas en pleno invierno 🤦,0
Unas chelas pe Aldo 🤭🤭😸,0
Es una pena no poder estar alli pero me imguino lo transmitirán por viaja y apreva asi aprender un a tomar una rica chela 🍻👍,2
"Hace rato dicen q van a hablar de la vocal, ya va a ser la 1 🤣🤣",0
Nero Ramirez  ve por tus  chelas  🤣🤣🤣,0
23 y saco las chelas !!!🤗,2
Qué vende chela o helado? 🤣🤣,0
A ESTO LE LLAMAN DEPORTE  ...  MEJOR VEO EL CHAVO  🤣🤣🤣,0
Navidadesss alguna vez lo escuché en el chavo del ocho  😁😁😁,1
Wow la cara de la mamá tan feliz y emocionada al ver el talento de tu hijo éxito para el chavo que si se propone algo lo va cumplir en el nombre de Dios éxito ♥️,2
Parece la vecindad del chavo jugando dota 🐭 ,0
Lo digo y sostengo mejor pongan el chavo 8 y en repetida 🤭,1
No te vayas chavo 🥴🥴🥴🥴,1
Mejor que den el chavo 😅😂😂,2
Tenía que ser el chavo 🤷🏽‍♀️,0
Quiénes piden que regrese el Chavo del 8 🙋🏽‍♀️,1
Jajaja más falso el chavo y Acuña son la misma 💩 🤣🤣,0
Como decía el chavo  Ve tu a saber “ 🤔en Beto a saber 🤣🤣🤣,0
"Pataclaun para mi es un mate de risa, así como el chavo del 8 y otros programas de aquella época, ya esta en cada uno ser tan ""sensible"" y tomar en serio algo que solo es una parodia 🤦‍♂️",1
Mejor veo el chavo del 8👍,1
Jajaja jajaja pa' q decirle chavo 🤣🤣🤣🤣🤣🧠,0
Airam Ruiz  tu desfilando con tu chavo jajaja🍻,2
No se si le ganó al chavo o a cantinflas 🤭🤭🤭🤭🤭🤣🤣🤣🤣,0
Beto del chavo ya te puedes ir tu candidata ya fue 🤣🤣🤣,0
Oe chino saludos para el barrio de jr puno aca en italia 👍 caeabayllo !,2
"Se lanza este 2022 con gráficos del 2012, grande Nintendo 🤡",0
Jajajajajajaja tmr como lo lanzan mas frio Cobos 😂😂😂,0
Tatiana Martel nos gusta la chela 🤷🏽‍♀️,0
Daniela el 19!!!! Y sácame las chelas crjo 🍻🎉,0
Se lo merece denle más chelas... 🔥,2
No toma. Chelas... ese. Es el secreto.👍🏻,2
"Saludos chino,desde Madrid 😃",2
Jajajajaja soy a única con TOC que se ha dado cuenta que todas las tapas las ha dejado entre abierta el chino 🙃,1
Carlos tu chino favorito 🤩 ,2
Pues esta es la razón : hay algunas personas que pueden lanzar objetos peligrosos y es deber de ella cuidarse. Sin embargo hay otra noticia donde si lo agarró y tiene una foto con el 👌🏻,1
Adrian Rodriguez bien pasado de lanza 🤣🤣,0
"💜 SUPER ME ENCANTO , GENIAL A LO QUE LANZA EL TRAPO POR ALLA JAJAJA",2
Ahora qué dirá Aldo que ya había terminado con su esposa y iban a lanzar el comunicado para mayo 🤣,0
"DA GRACIA VER A QUIENES FUERON PARTE DEL GRUPO DE MALAZOS EN LA SELECCIÓN,  HABLAR COMO BUENOS....FUERA DE ACÁ!!!😒",0
Ptmmmmmm Sergio Páucar me hizo acordar a cuando. Nos mechamos en raw cafe jajajajajajaa 🙄,0
Peru … donde los actores se mechan por ser entrevistados 🤦🏽‍♂️,0
"Video de la segunda parte plus ,🤣🤣cuando se está mechando con el perro por su presa 🤣🤣🤣",0
Maria Alejandra Choque Salinas Ana Maria Choque Salinas Miguel Teran Vargas jajajajaja mecha q mas aplauda 😂,1
Jajaja ahora chino Mira mastica y traga 🤣🤣🤣,0
"Saludos chinito hoy tienes grabación que sigan tus éxitos chino te mereces lo mejor eres súper humilde Y éso dice mucho de tí,solo tengoo una duda que hace el carro de donofrio ahyyy 😁😱",2
Javier Vargas chapa la calculadora 😂😂,2
Saludos chino y a todo tu elenco bendiciones 👍🙏,2
Salud desde chile chino ..cuando x chile 🇨🇱🇨🇱🇵🇪🇵🇪🇵🇪🇨🇱🇨🇱🇨🇱🇨🇱,2
Ayayay pero q calidad chato toma tu like👍,2
Tanto chato?? 👏🏼👏🏼👏🏼👏🏼,2
"Jajajajajaja q sabes tú oe, piensa p chato jajajaja quién no hizo tktk con eso😂😂😂😂",2
SSulem Ramirez mira por que si quieres aprender un poquito chino ❤,2
Ya chino mi paneton 🤣🤣🤣,1
Estos chapetones serán de Laderas del Chillón jajaja Celso Felipa 😂🤣,0
"Que chape esa flor Miyashiro, y q vuelva con su Fiorella Ratiz, ( tal para cuál ) q rápido  le superaron, con éstas imágenes quedó muerto y sepultado, ¿Aún él  sentirá vergüenza y humillación Nacional.?  🤣🤣🤣🤣🤣",0
Chino que Buen Clima...presiso para un chapetin 😁,2
"Y esos chapes, también eran manipulados? Odio la mentira, y de Aldo y Erika, creo que los dos necesitan tratamiento psicológico!!! Espero que no le contagien al psicólogo. 😁😁😁",0
Tu censura lo demuestra que se volteo la torta no te salió como lo planteaste chapa tu taper beto 🤣🤣🤣🤣🤣  Pon el video completo no te hagas la victima 🤣🤣🤣🤣,0
"Arrugaste , si hubiera sido Óscar  Gallozo te lo chapabas sin asco. 😂😂😂",0
Q wena chapana con cancer  🤣🤣🤣,0
Pondría una chapa del tío melcocha pero son muy fuertes 🤣🤣,0
"Creo q chape el de 30,gracias mi ratita ❣️❣️❣️",2
Que lindo lugar Alan Nilo De Pucallpa Su Chaperito hay que ir☺️,2
Un crack el chato ruidiaz 💪,2
Yo jamás votaría x ese chato mantenido 😌,0
Esos polis no son gordos ni panzones cómo acá 🤣😅 hasta el chato está musculoso Ambar Grandez,0
Marco Castillo Reyes 😂😂😂 Kender Sbb confirma chato 😂,2
Jajaja no morirá cada rato hacia la chato guiño guiño 🤣🤣,0
"Ahora el chato te va demandar por derechos de autor, por utilizar sus célebres francés. 🤭",0
Por fin te hiciste una buena Chato Hart 🤣,2
Lorena vamos con los chicos 😁,1
MINIMO la TIA les debia haber regalado sus mangos... Pero asi es la vida 😁,0
Gallina al mango ese osores 🤣,2
"Oscar Arana amor, ceviche de mango!!!!!!!!!!!! 🤤",2
Diforzada al mango...🤭,1
Wtf Ztefy se pasaron jajajaaj... q le manden fotos y q adivine cuál es definitivamente es otro lvl. Prro total 😕,0
Listo mi amor lo k pidas y mandes t amo🥰,2
Saludos lucry besito que me mande saludosb🥰,2
Somos sus fans por fis mandenos Saludos 💜✨,2
Por favor mandenlo a dormir! 🤦🏻‍♀️,0
Jenny Acosta Enrique Haaker Salazar Eme Mendez quiero cebichito de mango y conocer!☺️,2
Ese mango con albahaca apuntado para este finde! 🎉,2
Sheyliitaa Mallqui  toxica al mango 😂😂😂😂,0
Jonathan Almanza nos falto el ceviche de mango!!!!🤗😎,2
"Totalmente de acuerdo, hace unos años el pasaporte se sacaba en un día. Ineptitud y burocracia al mango,  inútiles y su gobierno de porquería. 🖕🖕🖕",0
No te pases Erick como vas a regalar un panetoncito de 5 mangos mejor regala un paquete de galletas de soda😄,0
Addis 🤣🤣🤣🤣 toxicas al mango,0
Antonny las mollejitas 🥺,2
"Ese señor de higadito y mollejita es un clásico, muy amable 🤣🤣🤣🤗",2
Tienes que comer ceviche con perol de Mollendo... Es lo máximo.. 😋,2
#Foodporncmr #Miercolesgourmet Unos ricos anticuchitos o mollejitas a la parrilla... Deli 😛🤣,2
Los mollera sumida- 😵 déjenlos festejar son campeones del mundo nada más a los antimessi no les gusta.,0
Fernando Jimenez  Milena Molleda🤣🤣🤣🤣,2
Mircala Molleapaza Loayza Karla Aragon Sofia Olazaval FINALES 😂😂😂😂😂,2
No les basto  con el oro ahora quieren el chocolate 🍫 🙄,0
Grecia Jiménez vos cuando te regalaron el chocolate o no se qué te regaló Ed 😂😂😂😂😂😂 que te cambió tu vida en una sola cita 😂,1
Jenni la redvelvet no se hacía con un tipo chocolate que es rojo? Juraba que era así 🙈 ... me engañaron 😭,0
De que se trata abra chocolatada 🤔🤔🤔😄🤣😄🤣😄🤣,1
Se ve súper fácil de hacer  !! Y no le pones chocolate 🍫? ,1
Victor jajaaja   quiero mi torta de chocolate🙈😅,1
Cuando esté mejor este chocolate quiero probar Gustavo Murga 😋😋😋✈️,2
Fernando así carlis le gana a Jhosselyn cuando está choborris🤣si o no Carlos 😂,0
"Pobr 🐱, esa flak es b +-ndida, siempre lo fue, todavía tiene mentalidad de chivola, en cambio el 🐱 es centrado, serio, esta fl.k todavía no madur..a",0
"Diego Cuentas Arias 10 pls, de crema pastelera, de chocolate y manjar 😌",1
Una indirecta al Chivolin lin lin de Andrés Hurtado 😂🤣🤣,0
"Hola chicos , un gusto que les haya encantado nuestras blusas y también que les haya gustado el carisma de nuestra modelo /vendedora de nuestra marca Seleste, quería comentarle que contamos con 2 tiendas presenciales en gamarra- la victoria, ""La Victoria, gamarra"" 📍Av. sebastian barranca 1584,galeria ""Azul "" 2do sotano tienda 18 📍Av.sebastian barranca 1568"" Los Fabricantes 2""stand 9 y stand 10🌸 Noe76🌸 Para cualquier consulta escribanos a estos números  📱935 985 462 📱929 666 571",2
El chico : Como que wacanai  Jajaj 😂🤣😂🤣,2
"Ahí estas mas CHIVOlo, pero si estuvo bueno eso ahora imposible 🤭",0
Juana Romero Manuelo para que te pases un lindo viaje con los chicos de la promo! 😎,2
"Cada día está más gordo Tobi,ya pareces el cocinero de Ají Causa 🤣🤣🤣🤣",0
"Ese si es un buen causa, cómo… 🐢🐢",0
Enrique Alejandro Roberto Jocelyn Liz Creo que faltó conocer la bodega de El Mocho! 😮,1
Manzanilla jjajaja más misio😁😁😁,0
Se quedó misio x comprar el iPhone 😂😂😂,0
"Genial chicas, gracias a ustedes pude viajar a Europa con los tips misios y ahora muero por usar sus polos. Delsy hay q comprar los polos 🤗",2
Aqui en California tambien domos misios🤣🤣,2
Jajaja 😂 😂 😂 😂 que buena pobre misios pero te rico comieron jaja 😂,2
Amit Rosa jajajajaja Te puedo mandar un misio? 🤭🤭,2
"Oye misio pero viajero, llévame pues Rahulet Portocarrero 🤭😁",2
Así te vas a quedar misio moxito.. 😁,0
Número misio 17 ✈️🇵🇪,1
"Porque me identifico con ustedes, soy misio y viajero 🤣",2
Mauricio misios peros viajeros Qué tal suena? 🤔,1
Quiere imitar al Cholo Mena 😂,0
"Que sigan los éxitos para ti, Cholooo 😄😄😄",2
Ese cholo viene la gastritis 😅🤣,0
Que sorteen la carpa de 20 soles jajajajjaa y a Luis 😝😝🤣🤣🤣🤣🤣🤣,2
Hola (: cuando fui casi muero x que fui xon Carpa de Playa 😂,2
HOLA CHOLO ♥ eres taan besho *-*,2
Hablando de choros 😢 Angela Pamela 😳😂,0
Jajajajajajajaja Alexandra Crisanto esos choros son ateos 😂😂😂,0
Toya Harlem ya ves cholo llévala a comer 🤣,1
Arequipa cholooooooo😋😋😋😋,2
Kelly Vanessa Calizaya 🤣🤣🤣 el chukiperro,2
"Mary Cielo es que si no te etiqueto, siento que estoy cometiendo un delito jajajaj 😂😂🙃 amiga mejora ese caracter de chuki jajajjajaa",2
Es como el yogurt con mosca de smash 🤣🤣,0
Mosquitos...???!!! Cómo serán las moscas o moscos???😱😱😱,0
"Con esa actitud y encima con un cartel de restricción ni las moscas entrarán.  Si la encargada es así, no me imagino cómo será la dueña....qué  miedo 😨",0
Mosquito!! Moscardón!! 😄,1
Lo hizo en modo irónico el es un defensor de la vida el no cree en la muerte ni de una mosca no 👍,0
"Saludos desde Chiclayo Cholo, te sigo desde anted que hacías tus videos diarios. 🤙🤙🤙🤙🤙🤙🤙🤙🤙🤙🤙🤙🤙🤙",2
"Hola Cholo, me encantas !!! 😍😍😍 jaja, mándame saludos !!!! 😛😛😛",2
Wow!!!!!!!!!!!!!!!! Enseñenme su lenguaje hablan muy bien el español latino😍😘,2
Paso el choroo o que?? 🤣🤣🤣,2
CHOLO CHOLO CHOLO 🎶  CHOLO CHOLO CHOLO 🎶   SALUDOS CHOLO 🤗😄😎,2
Buen cholo crj que viva el peru 🇵🇪🇵🇪,2
Hola Cholo me encantan sus vídeos 😁😅,2
"Si no eres choro , por las webas es 😂🤣",0
...es un huaco viviente el tipo 🤣🤣🤣🤣🤭🤭🤭,0
Maryorie  Todos los choros de tu cuadra son ateos no? 😂😂,0
Ximena Huaco Escajadillo  Jaqueline Infantes Zavala 🤣🤣🤣🤣🤣,2
"Bruno Baldera J eso es para el sector público, pero si eres choro privado si robas 😂😂😂😂😂😂",0
"Si los choros buscan diferente modalidades para robar, por que los infieles no podemos hacerlo 🤭",0
"Así da gusto sin gente,sin choros sin bulla,sin ambulantes,sin vecinas chismosas pero contigo siempre 😍",2
"la paisana 00000000000,1 chocolatera🍫🍫🍫🍫🍫",1
Obvioo a disfrutarlo no todo los dias al año uno come paneton ^^  Asi queeee  que venga  los panetones con mantequilla y su chocolatada 🥰🥰🥰🥰🥰😍,2
Flow y hartooo chocolate! 😎,2
La chica de rojo que espesa y monse🤨,0
Ni la Monsefuana se atrevió a tanto 🤣🤣🤣... Enfríen a Yuli enserio... Tmr el calzón de la Teresa 🤢🤮🤣🤣🤣,0
Yo quería unas botas de Bruno ferrini pero su VOLUNTAD fue unos chocolates 😔 lo importante es que tengo salud 🤣,2
"Jajaja 😂 😂 😂 😂 😂.  Tenía que 🤔 🤷 ser el mongo de Joel  Jajaja 😂 😂 😂 😂 😂... Pobre 😥 de Gasparin,  Jajaja",0
Todo mongol Daniel Pereda 😂😂😂😂,0
Maelo Travezaño Capuñay si no vas ahí estando por allá si serás un mongolazo eh 😆,0
Veronica Paucar “ahora pe mongol! Asi me la voy a cobrar 😂,0
Hola cholo saludos desde barrios altos 😂 😂 hola cholo saludos desde barrios altos,2
Que recuerdos cashibococha ✌,2
Lo intente pero parezco la india María en ves de hablar como anime🤣🤷🏻‍♀️,2
El número 2 !!! Por que son dos chulas viajeras  😍🌱,2
Oe acá en Perú usamos cilo y como baño un hueco 🤣,0
Que sigan los éxitos Diego Manuel Rivera Salazar 18 huecos 👏🏻,2
Juan Eduardo Bazan Guerrero sin ti los huecos entre clase para comer no serían lo mismo😂😂😂😂😂,2
"Que monse eres, enserio muy malo🤦‍♂️ y si quieres que entiendan tus ""chistes""... PRONUNCIA bien.",0
"Mi amigo, cómo estás! Te falto monsefu el cabrito en él marcado de la tía julia 👌",2
Lucia Llano Ychpas chola mira🤗😍,2
"Tania Casto Tapia  Monse Zavala  Mirella Nohelia  Deseo ganar la camiseta de todos los peruanos, siempre tuve una camiseta de la selección desde muy pequeño y ahora más que nunca me encantaría llevar la oficial, en estos momentos difíciles el fútbol nos brinda paz y unión éxitos a todos,ganes o pierdas selección siempre te alentare 🇵🇪🔥💪",2
Q monse ese gerente !!!! 😪😪,0
"Jejejje... Linda, chula, hermosa muchos exitos😇",2
Diann Valdovinos checaste este dato chula🙃🙊🙊🙊,2
La verdad se escucha bien chula al final🤣🤣🤣saludos desde Puerto Rico 🇵🇷,2
Lo que quieras chulada🥰,2
Taiz Cardenas Campos Carla Huasasquiche Astete jajajaja 😂👌🏻,2
Likha Quiñones Mendieta Greiss Gutierrez Lujan Noema Aileen Huatay Navarrete Rocío y Kelly 😂😂💁‍♀️,2
Quien no ha ido a comprar al hueco no es peruano 😁 bromita pero vayan pe jajajaja el dvd a 1 sol,2
Claudia González Cantoral le falta conocer como unos 300 huecos más 😉,0
Helen Chumacero Orias Envidiosa ja!🤨😂,0
Cinthia Pérez mira es Zandra Chumacero  🙊🤣🤣🤣🤣,0
"Marleny Chumacero Castillo que rico mami, para el domingo 😍",2
Amor Gary Stefan Chumacero aun nos faltan algunos sitios 🤭😁,2
Amor Gary Stefan Chumacero 🤤🥵 ,2
Agüita de calzón 😂😂😂 Alba Rodriguez Pozo Karla Montero Mena Stephanie Alban Ruiz Cristhian M. Chumacero Domínguez,0
Alonso Zevallos causa cuándo vamos a Kennedy para que me gilees? Jajajajaja te amo 😍,2
Mí causa Yulilore Aliaga y sus pasitos 😏,2
parece que ese ombligo va a poner un huevo.😨,0
Pensé que solo el mio era huevon  Jajajaja 🤣,0
"Excelente video! Encantada por las maravillas que podemos encontrar en nuestro Perú. Una abrazo chicas, Taper y Micro. 😉",2
Postre en microondas!’🙏🏻,2
Seguro si lo sacan por america ..atv ..frecuencia latina etc ...como se apago el microfono seguro si pasan por noticias ..para la tv es una burla ..se rien con keiko de castillo 😁😁,0
"Misias pero viajeras , es hora de un viajesito en moto ,sería locazo,táper y microooooooo....enviame saludos Fátima,soy tu fans🥺🥺🥺🥺🥺🥺",2
Por lo visto en mi país se necesita urgente servicio militar obligatorio para todos esos mal hablados que lo necesitan urgente. Un varón de verdad no habla mal de otros y sabe respetar 🤭,0
Wuaaa estoy en el micro y no escucho nada 😭,0
"Le apagaron el micro al castor,por qué para maleteando a los futuros patrocinadores. 😁",0
Dayanny Mayreth Amore en el micro ♥️  por.que no tenemos carro 😅,2
Huyy Michi... ahora si vas a tener mucha competencia de nivel 😏 espero que te salves.,2
"Estos cojudignos de michi, pero ya jodi**** al Perú, ahora pues como dice la charito 😒 que salgan a marchar 🤣🤣 no estaríamos en esta situación de no ser por ellos, en fin.",0
Y al final el único fiel es el Michi :v Pipipipipi 😭😭😭😭😭,0
Miguel Terrone actitud michiiiii!!!! 😂 ,2
Jhon Berny Chavez Ocampo tu historia en el micro jajajaj  😂😂😂😂😂😂😂,2
La cara de michi cagando en pleno granizo que puso javier cuando abrazo a july 🤣🤣🤣🤣,2
"Raquel Espino vi todo el video y pensaba, Raquel de michi no me llevó a ningún lugar 🥺🥺 luego (mientras seguía viendo) pensé, no hubo tiempo para hacer mucho hasta que vi el ceviche de cangrejo, ¡¿por qué no me llevaste?! Esa no te perdono 😣😣",0
Talentaso michi y giselo bendiciones 😘,2
Participen chicos😁 Jacqui Giah Anthony,2
Admirables y adorables gracias 🫂 por existir y expresar esas ganas de salir seguir perseverar alcanzar sueños bendiciones 🙏 chicos a ustedes y su familia 💐me contagie☺️😉,2
Bryan cuando quise conocer a ese chico de oficina 😂😂,2
Cecilia y Jorge miren los chicos de viaja y prueba están en San Sebastián 😍😍😍😍.,2
Sebastián Álvarez HOY ESPERANDO MI CHIFA 😭😭😭😭,2
"""NUEVO BARRIO CHIFA EN EL CORAZÓN DE SAN BORJA""🤔🤔🤔",1
Elena Carrasco le falta el chifa frente a saga 😍,2
Estabas con unos 10 menus chifas abajo eh...🤔,1
Jessenia Quineche Castro no fuimos al chifa 😟,0
Me encantaria comida criolla incluido sopitas para el frio o unos chifas bien taipa🤗 saludos desde Paraguay felicitaciones por el programa Luciano muy bueno!!!👏👏,2
Que rico se empujan el chifa.😋😋,2
Como se llama el chifa????😆😆😆y los demás restaurantes pues,1
Se pasaron buenaza chicos  mis vecinos  se hicieron 😨👍,2
"Yo he tenido una novia coreana y una japonesa, la diferencia es que el toto de la coreana es más chico que de la japonesa pero el 🍆 de los asiáticos son demasiados chirris para ellas",0
"Felicitaciones al genio que se le ocurrió esto, una forma distinta de promocionar el tourismo en el Peru... Solo quiero dar una sugerencia, que anuncien la limpieza sobre todo si acampan, seamos respetuosos con la naturaleza 😉 BUENA CHICOS!!",2
"Tmre pato Parodi dejas mal a los hombres, entonces eso kiere decir que el pato Parodi es chipi x eso terminaron 🤣🤣🤣🤣🤣🤣🤣🤣🤣🤣",0
Castorrrr chipi........Y DALE U TLV 🏆 FELIZ ANIVERSARIO 99 🎂🎂🎂,0
pero es Chipi amor al Chipi oh amor al bolsillo ajjajaj ahí lo dejo 🤣🤣🤣🤣🤣🤣🤣🤣🤣,0
Ese japonés es chipi 🤣,0
Paco Bazán es CHIPIvo 🤭🤣🤣,0
Deberían volver a sacar chipitaps 😑😑😑,1
CONCLUSIÓN de tanto rodeo: Son chipis 🤡🤡,0
Que tanto se burlan de una mujer gordita ?? Fíjense ustedes tremendos panzones y feos ... Una mujer puede bajar de peso pero lo deserebrados y chipis no se los quita nadie 😚😚😉,0
Grande Chipi oh mayyy🤭🤭😂,2
Leyla Gallegos Karina Vega Vicente goooo una chiquiii nomas 🙈🙈🙈,1
Eli Tr nosotras... pero cuando se nos acaban las chelas 😁😁🫣🫣,2
Que bkn la entrevista ..una chela para el Gabriel🤘,2
Quien te escribió ese discurso barato se ganó su caja de chela si o no borrachín 🖕🖕,0
Tomate un par de chelas más cueva salud 🥂,2
Santos Jacinto Correa hsjajaja cuando te falta para la chelaaaa 🍻 jajaja,2
🤣🤣🤣🤣 peor q el chavo..!! 🤣🤣,0
Jajajaj q estúpidos ya sivia q era el cuello del chavo 🙄🤦‍♂️🤦‍♂️🤦‍♂️🤦‍♂️,0
Vamos a mexico Flopy Cayo a conocer a unos chavos😉,2
Guido Richard Sabino paga con sensei chavo 🤣🤣,2
Pobre chato está triste que lo arregle 😞,0
Ese tatuaje del chato es de verdad o es de los q salen en los chisitos 😂🤣,0
Correeeee Chavo...🤣🤣🤣🤣,2
Quisiera ver el chavo del ocho 🤣.,2
A mí me encantó ☺️ se te vio regia cómoda Divine,2
Estás regia Maria Pía. Oídos sordos. Somos libres. 👏🌻,2
Jajjaja me encanta ver rubí  Pero esta respuesta fue única jajaja siempre tomando con humor x eso se mantiene regia... Bendiciones Pia 🥰,2
"🤣🤣🤣 buena Pía 🌷 gracias eres espectacular y divina así que sigue de regia, bendiciones 🙏",2
"Lo máximo pía linda ,siempre tan regia 🤗",2
"De estos detalles no me sorprende si vienen de un gran personaje llamado ""Gastón Acurio "", gracias por preocuparte de la gente más vulnerable y de estos jóvenes emprendedores de Pachacutec, eres un ángel nacido en Perú y por todo lo que haces lo haces muy bien. Gracias por ser como eres, te pasaste.  Bendiciones 😍",2
No será una de familia  de abuela de Shirley. Pachas.😂😂😂,0
No sé vió el chape x2 🤣,2
Cristian Rivero no te la esperaban tremendo  chape 😄😂😂😋,2
"Tmr! 😳 menos mal no reaccionó a lo Will Smith, el siguiente chape será a Jesús x burlon 😂😂😂😂😂😂",0
😋  el arroz con pato  👌🏻,2
"Hola , tienes unos lindos hojitos de arroz 💓",2
Mucha Finjidasa... como le decia reina pacha 😅🙊🤣🤣🤣,2
La reina pachas siempre ella....🤣🤣🤣🤣,2
Karina Cardenas Silva Manuel Silva Segundo Mauricio Taboada Yarleque carmen Carmencita Pachas Jasmin Silva Pachas vamossss 😍😍😍,2
Que vuelva reinaaa pachas 😁,2
"Aldebaran de tauro Kike Sanchez muy buena tu resumen de la película Tinta Roja, 🤣🤣🤣 con actuaciones de madane, la reina pachas y don gil 😝🤣🤣",2
"Salió para Aser farándula ese chato, solo quiere llamar la atención 😂 q trabaje bago , aragán",0
Cual ha sido su experiencia más anecdótica con sus chatos! .... porque con los enanos nos pasa cada cosa! Jajajaj 🙈,2
POR ESO AL CHATO ACUÑA LE DICEN ALPACA  PORQUE SOLO LO QUIEREN POR SU LANA 🤣🤣🤣🤣🤣🤣🤣,0
Ya se quito el sombrero el chato ......sus asesores son asnos 🤣🤣🤣🤣... recién se dió cuenta... Te demoraste castillista.,0
buena chato😂😂😂 arriba Perú...,2
"Me hiciste el día, al otaku lo destruiste en segundos... 🤣🤣",2
Y tmb en parte por el 🔪 de una niña pequeña que fue asé..zzzhhii.na...dha por un Otaku fanatiko de los mangas Ghore el tipo tenia 600 o 6K creo en su habitación y a la pequeña pues imaginen todo lo que le hizo,0
Janet Luna  😂 para que te vuelvas Otaku,2
Esto es el rincón del otaku 😂 matte sempai,1
Un Atangana para los Otakus 🤣,2
Oo xd.. soy Otaku de muchas cosas hay no ... Nooo.. la verdad ya lo sabía.. pero igualmente te lo agradezco x refrescar la memoria.. no cerebro.. 🕴️😃👍👌,1
Ahuevo ahora le podré gustar a mi amiga Otaku 😎👍,2
Marcos Arcos si quieres ser un asiatico Otaku de verdad te hace falta saber esto 😎,2
Que video más chido aparte de que sale la Japeruana también sale dinamite de BT'S 100%Armi uwu pero también Otaku 👉👈k-poper y d oramaniaca,2
Los Otakus al oírla😹: Oh!! Me vengo!!!!!😂,2
Ceviche vs asado 😂😂😂😂😂 🇵🇪♥️🇦🇷⚽🍷🍾 Que gane los dos 🤗😍,2
Alvaro Guerrero el lugar donde te encantó el chanchito asado 😋,2
Genial! Me encanto! Que belleza de pato asado! En el minuto 4:10 literalmente se me hizo agua la boca! 😋,2
Y el bolso 👜 me queda chico,1
Canta hermoso como Paulo Londra 😍 ❤  tiene gran futuro el chico mis bendiciones para el y su madre ❤🌹,2
Que sigan los éxitos chicos 👏👏..linda pareja! 🤗,2
Q se quede allí en la morgue  nomas  🤣🤣,0
Caballero nomas desayuna raspadilla 😂😂😂,2
"Mario, era joda nomas 😑",1
Nicole Feijoo 🤣 ya pa que cagala nomas,0
"Digo no es como que ocupe el 🐰 copiar o plagiar, vaya, hay videos en los  que solo sale el corazón del último disco así nomas con fondo de color sin moverse siquiera y tiene millones de vistas da lo mismo si sale una vaca volando o hace una recreación de otro video igual tendrá miles de vistas👌🏽",1
Ay no . Ya tocaron tmbn al hijo. Ahora nomas falta q se metan con la pequeñita. 🙄🤢🤮,0
"Lo máximo Pía... Regia, única, no hagas caso de los rajes... Pura envidia 😍 Dios te bendiga siempre y sigue así, regia.",2
Allisson Palacios Moran a nosotras no nos pasabas xq ambas nunca veíamos regla por nuestra irregularidad 😂,2
Jajajajaja REGIA Y DIVINA 😂me hiciste el día María pía sigue así 😁😁😁😁😁,2
Gonzalo parece que eatuviera con su chela Heineken 🍻,1
Por seguir las reglas... Interesante 😉,2
Anda nomás rosca... 🤸,0
TREMENDA ROSCA RESULTO 😂😂😂,2
María pía much Roche con lo que hiciste 🤠,2
"Osquitar muchos éxitos, cuanto sufrimos😂 pero  hicieron todo los chicos, no se que le dan de comer a esos brasileros. Me gustaría que entrarás al equipo de fútbol total con Kanashiro a representar a Peru, que sigas siendo tan lindo.",2
"Yaquelin Olivero Mozo jajaja tieza pero sin Roche alguno, si se puede 🤣🤣",2
Jajajajajajaja Elisa Aparicio  nosotras en Egipto 🇪🇬 jajajaj nadie nos gana en roches! ,2
"El dijo algo muy importante !! Dijo cuando llegas a casa ajena no puedes poner reglas y es verdad . Tienen que aprender a respetar y no inponer tu costumbres a un pais ajeno. Si tanto quieren vivir como en su pais que hacen es otros paises entonces verdad,no tiene sentido. Lo mejor seria integrarse y aprender a respetar las costumbres y a trabajar honestamente. 😉",2
"Yo creo que más importante es respetar las reglas sanitarias porque de esta forma quienes se cuidan de esta pandemia, sean turistas extranjeros o nacionales, sentirán más seguridad al viajar y llegar a un lugar seguro. Y no está demás iniciar con esas vacaciones aplazadas, quienes puedan claro está, y de esta manera contribuir a la economía local 🤗. Cusco es bellísimo vayan y no se arrepentirán",2
Jajajajajaa felicidades! '! Sigan así.. Con mi familia nos gusta viajar asi siemore.. Por nuestra cuenta. Cero tours y esas cosas q siempre tienen sus reglas jajajjaa  Seguiré pendiente de sus próximos destinos!  Tamb espero la reseña de su viaje a México 🎉🌸,2
No que ningún artista no iba. Acabar en el mundial porque dicho país rompió los derechos humanos por completo fuera de las reglas que se acaban de emplear ahora 🤷🏽,0
Lo bueno es que lo intenta sin Roche 😍 Bello Salva 😘,2
Pero no en la cara pues la gente media gafa para hacer eso o al piso para q lo vea malogran su presentación. :S y ella tiene q aguantar 😣 el roche a nadie le gustaría creo. Pero tuvo paciencia,0
Luis Bermudez así es la regla!! 😂😂😩😢,2
QUE CHICA TAN COMPLICADA RIDICULA 🤔ASI LOS HACEN MAS PUBLICIDAD Y ELLA BOTANDOSE Y SI EL DUEÑO PUSO ESA REGLA BIEN EL NO ESTA PIEDE MANEJARLO 🤷‍♀️,0
Jajajajaja ahí esta pues por retar.... 🤣🤣🤣🤣,0
"FELIZ NAVIDAD, misas todas las bendiciones desde nuestro hermoso Perú 🇵🇪🇵🇪🇵🇪, sigan haciendo lo qué les encanta y éxito en todo lo que se propongan. Psdt:Taper y Micro 🤙🤙",2
Taper y Micro....las amo...😍,2
"No puedo creer que hayan llegado tan lejos, estoy muy orgullosa por ustedes, espero les siga yendo bien porque se lo merecen ✨ muchos éxitos y ¡Taper y microoo! ",2
Felicitaciones!!! Son unas capas y sus tips viajeros son geniales. Muchos años más de taper y microoooo. Éxitos totales para ustedes y para Misias pero viajeras 🔝👍🏽,2
El avión se convierto en un micro 🇵🇪 xd,0
Taper y microo.....😅,1
Igual que tu cantas con microfono de carne 🦋🐏,0
Taper y micro!!!  De lujo!!!😍,2
Que sean muchos años más viajando🎊🎉🍾✈️🛩️🛫⛴️🚤🚞🚎🚃 taper y microooo 🤙🏻🤙🏻,2
Yo quiero esa mochilitaaa ya tengo la de taper y micro me falta la del mapa mundi 🙃,2
Me gustaría escuchar la narración histórica de la batalla y del museo del Campo del Alto de la Alianza aki en Tacna .....sería bacán ✌️,2
"Jijijijijijijijiji 🤡 CHISTOSO, tu no HERES periodista, gracias a ti y otros como tú, el periodismo en el PERÚ es un nuevo modo de prostituir conciencias, y conseguir dinero de la manera más, humillante que se pueda ver, LA VERDAD ES LA VERDAD Y TU NO LA TIENES EN TU VIDA DIARIA, PONTE A VENDER CHAMFAINITA,CARAMELOS EN LOS MICROS Y GÁNATE EL DINERO DECENTEMENTE.",0
"Que bacán, algún día 🙄",2
Que bacán el video!!! Una camara asi me tengo k comprar... envedia sana Luciano x los viajes y las comidas que te deleitas de cada lugar...👍,2
x finnnn te vuelvo a ver!!! q bacán te extrañamos 😅,2
Que bacán!!! Me encantan 🤗,2
"Es paródia, a tí que michi?  Luisito fiu fiu fiu😆😆😆😆",0
Espectacular ..dejo con la boca abierta a todos ..ella es artista no la distinguida dama de la Michi  ..!!!😃😃😃,2
Michi Nathaly Michilot 😂😂,2
Jajajajaja aunque sea bamba igual se conforma 😆,0
MAS BAMBA KEIKO NO GANA😂😂😂😂😂😂😂😂😂😂😂😂😂😂😂😂😂😂😂😂😂😂😂😂😂😂😂😂😂😂😂😂😂😂😂😂,0
"Chino publica el video antes, durante y después  chino 🙏🙏",2
Oe de tilapia es rico ☺ De bagre también! De la Selva sus pescados 💪,2
Nada más?? Inútil de Michi😤,0
Qué bacán!! Chicas las felicito sigan adelante . Gracias a ustedes conocemos más 😍😘,2
Buena michi otros critican sin saber nada 🤫sige pa Lante michi,2
"Michelle Kauffman michifuchissss mira la segunda receta, justo lo que te decia hace poco 😜🙈",2
El michi quiere hacer yoga 🥰🥰,2
Son ciegas o que como michi se va parecer a Luismi 🤦🤦🤦,0
Saludos desde Mollendo Puerto Bravo 🇵🇪🇵🇪🇵🇪🇵🇪🇵🇪🇵🇪🇵🇪. Bendiciones para todos,2
"Jimena Molleda sigo sad, sacamela😭😂",0
El tío que vende mollejita ricasho el plato 😁👍,2
Mira esa niña de  es mongolita 😂😂😂,0
"No te pases de mongol pues oe, que chu... Quieres comer por 1 sol, un bufete y atención de primera??? 🤦‍♂️🙄 Me parece de muy mal gusto lo que hiciste, más bien debiste hacerlo alagando las ganas de ayuda de ellos.",0
Ivan Alata Orbegozo  mongo tenemos que verla 🙂,0
Andy Clavijo entiende mongol d mrda 🤔,0
Lapizes mongol ..!! Jajajajaa 🤣🤣🤣,1
Nose que le ven a esta mongolita 😑🤔,0
Pescadito 🐟🐟 k ponga  su cariño también chino,2
"Tanto maltrato al turista nacional..... Ahora somos la salvación, ahora estamos misios tendrán que esperar ...🙊🙊",0
Deivis Zamora Kely Curasma este post me hizo recordarlos 😅 misios pero viajeros jajaaajajaja okno xd,2
Carlo Cruz Vasquez seremos conectaviajeros y más misios jajaja ✌️✌️✌️✌️,2
Estoy más misio que las misias.😟,0
"Si 220 es barato para un misio y viajero, carambas yo estaré en nivel de pobreza extrema 😑🤭",0
"27 yo te elijo, con fe y con mi velita misionera ❤",2
Rocio Eusebio así uno para mi futuro viaje misio a Tarapoto JAJAJA ❣️,2
🤔🤔🤔 eso no tiene nada de misio y de viajero están 2 tapers. Hay mejores lugares para comer y más ricos.  Limbus solo paga la vista.  🤔🤔🤔🤔 Bad,0
"como no saberlo...jajaja Chiclayo y su gastronomía es indudablemente delicioso. me toco por suerte vivir en esa rica ciudad casi un año, no iba a peru desde mis 5 años , cuando decidí volver después de haber vivido 20 años en Mendoza Argentina, experiementar ese cambio hizo q me enamorara de todo, de su gente, la cordialidad lo noble q es Chiclayo en todo sentido. recuerdo q llegue a desayunar en el mercado de Mochoqueque de lo aventurera que soy jajajajaja. que recuerdos. una expericiencia maravillosa. recomiendo que pruebes un pellejito , en las cevicherias lo venden al estilo ceviche. sin duda mi Peru tiene en cada región lugares asombrosos por recorrer y probar lógico!💪😍",2
Lanza el precio chino 😅,1
vamos chino demuéstrale tu Wing Chun 😎,2
"Así hacíamos el pesto para nuestros fideos,mejor dicho mi papi y el batán lo mandaba hacer especial a mi tio que tenía una fabrica de lavatorio de granito 🙂🙂",1
"Pobre del chino 😂 😂 😂 es una ratita ese hombre, el del compromiso era el no ella",0
Esa italiana es más bamba😂,0
Y porque no lo denunciaste en su momento xq no denunciaste tambien como el apaiti de Karla hacia conferencias bamba para recibir de odebrecht? Ahhhh ahi si pues eras bolipolera de Alan ahi si normal... estas dolido q no tienes pograma y como todos los otros gay fueron emprendedores y tienen peluquerias etc y tu no te arde.😂😂,0
CASTIBURROS diciendo AUDIOS BAMBA 🤣,0
Buenas anécdotas chino 🤣🤣🤣🤣🤣,2
Yo uso el color negro - caida resist 😄😄😄,2
El camaleón y la ropita y accesorio de niña 😉,1
imaginen una asiática con un negro o viseversa 🤔🤔🤭🤭😂😂😂,0
Que hermoso se te ve con el color negro 😍 Lucina saludos,2
Parece el.hueco negro  de un pompis🍑 xdddd,0
Fascinante 🤪 lindo el vestido negro 💃,2
El negro !! 🖤💓 sales lindaa 😍,2
Como se llama el de polo negro? 🤔🤔🤔🤔🤔🤔🤔🤔🤔🤔🤔,1
Una pregunta el de negro es hombre o mujer 🤔,1
M4T4T3 ENTONCES.. DARÁS MÁS VISTAS OE CABEZA DE Camaleon 😃 😃 😃,0
Mariella Paz Spiers vamonos pero hasta el salar de Uyuni 🤗🤗,2
Yei a ver si me gano algo x q soy mas salada que souvenir del salar de uyuni 😂😂😂,2
Pobre china casi se ahoga 🤣🤣🤣🤣 parecía una pileta😂😂😂,2
🤣🤣🤣🤣pobre china...🤣😂🤣😂,2
"Pobrecita , la china pero muy buena 😂😁",2
Le faltó decir .. de un paso al costado para q la china entre 🤣🤦,2
Jajajaja te hiciste una Cristian pobre china  hasta en mis sueños me río  jajajajajaja 😁🤣😂🤣😂😂😂,2
"Clarito lo dijo: Cierren ese Congrezoo, nuevas elecciones, Perú te amo 🤣🤣🤣 y cambien de presidente, y ni vayan a elegir a la China, Siento el amor Perú. 🤣🤣🤣😂",2
Natu Nancy tu misma eres 😄😄😄,2
Luis Mendoza Castro  luiisaaaaa 😂😂😆 terrible nacho,0
"Está buenísimo lo de un solo tapper. Nacho que es apuradito, creo que le va a servir. 👍🏽",2
"Tantos años puede ser por Nacho o por ñato , 😷",0
Buuuuuuuajajajajaja yo ayer 😂😂😂😂😂😂😂😂😂 Nacho SanNacho Sandí,2
Llevalo al camal de yerbayeros 🤣🤣🤣,0
Maricarmen Sánchez Perleche Nancy Díaz  las amo 💛,2
Maria Azucena Nancy 😂😂 .. Y si volvemos a primer ciclo? 🙈,2
Karen Tapia Contreras Liria BC Nancy Tecsi Ccahuana mi caso 🤣🤣🤣,2
"Casi al mismo tiempo dije en voz alta ""los cuartitos con cortinitas"" 😍😍😍😍😍... un chifa en una calle q cruza Alf.Ugarte fue mi ultima visita😄",2
Dirección exacta del chifa por favor 👍🏼,1
"Deben pagar bien, así rechazo el gran chifa ☝️🧐",0
"Y dónde queda?...quiero mi chifa!, pero para comer 😋",2
"Sera motivo para ir 😋. Hasta ahora el mejor chifa de san borja y del Peru segun la ultima premiacion el puesto numero uno se la llevo el chifa TiTi, podras superarlos el 2019 Gaston? Saludos y que sigan los exitos...",2
Hola Gaston Acurio cuando inaugura su chifa y donde me encantaría saber 😄,2
Definitivamente el chifa viene después 🥵.,1
Visita el chifa Ton Wan (Jr huancavelica 752)... Atienden desde las 7 de la noche. 😋,2
todos los días chifa jajajaj Brenda Dessiré mira yo tal cual 🤣 atún con fideos. Ya me sie to gaston,2
Que  buena  gracias  chicos  por  alentar nuestra  selección 👏🙌 hoy  ganamos 💪❤🤍❤🙌,2
"Steven, tiene la misma voz que mitsuba la rubia de owari 😳",1
A que ya pues va ese chico ...no le soporto 🤣,0
Joty Colmenares Mori Piero Rubianes Sotelo Viictor Arevalo Luis Franz Jose Gc  esa gente de domingo nieto 🍻,2
A la rubia le gusta el Petipan Político 😸,0
Maria Claudia cuando me das consejos pero tú también eres la rubia 😂😂😂😂,2
Cuando sea grande quiero hacer lo que ustedes hacen chicos jajajajaja mentira son lo Máximo 👍🤙👌,2
Yo no terminaría con un chico así 😍,2
Saludos desde Italia muchas bendiciones chino siempre te vemos y a tus especiales 😉,2
Muchos exitos chino❤❤❤,2
Donde quedo la altaneria y soberbia de la mosca muerta menor de palacio 😂.,0
Sebastian Petit Mosca 🙄,1
"Señores, seguro su papá está preso porque mató una mosca 🤣 parfavar dejen de dar pantalla a ellos y prioricen a quienes de verdad necesitan la ayuda.",0
😄😄😄la apreciada sra de la corrupcion la sra del año de corrupción con esa cara de mosca muerte es una de las mas corruptas del Perú verguenza,0
Juan Carlos Ropa Ojeda ponte mosca 🤣🤣,2
"Ya era hora , estaba en moscas con tus publicaciones.  🍃👍",2
Noticia falsa las imágenes q muestran son de personas diferentes  otra mosca q le gusta la mermelada 🤑🤑🤑🤑🤑,0
La mosca siempre con la Kk  🙄🤦‍♂️,0
que se siente ahora chino 😁,1
"Ya que el 2 está de bajada quiere renacer nuevamente trayendo a la comedia de la calle como en las décadas pasadas, bien por el chino risas y su elenco 😎👏🏽, pero ahora solo será humor blanco xd 🤷😁",2
Koki es Monse capas que se dejas quebrar 😁,0
"Ooooh verdad parecía monse por como.habla y sus nervios jjejjejeej   🤭 pero lo vi más y que buena onda que interesante y elemental, se puede rescatar un buen mensaje de lo que dice 🤗",2
Floro monse 😃 ni cuello tienes 😃😃😃😃,0
Calla borracho monse 🤣🤣🤣🤣🤣,0
¡Chu huevitoo !🤭🤭 Chino risas lo máximo 👍👍,2
asi la agarraban x monse... 🤣🤣🤣🤣,0
Kimberly Monserrat Jajajajajajajaja se paso😂❤,2
"Que malo , china  ahora   tu asustalo con los fantasmas😜😜😜  y le aqui ahora todos nos asustamos 😜",0
Casi la ahogas a la pobre china jajaja😅,2
Esas experiencias son las que no se olvidan China.🤣🤣🤣,2
Pobre china estaba recontra asustada y al mojaste todita 😂😂😂😂,2
La china dijo Todos no mojamos  y christian como todo un caballero le hizo caso 🤣🤣🤣🤣🤣🤣🤣🤣🤣🤣🤣Ki buinaaaaaa,2
El perú 🇵🇪 es posible o probable que pueda ser un Venezuela 🇻🇪 Cuba 🇨🇺 China 🇨🇳 o Corea del Norte con su gestión del Sr Pedro Castillo si el perú 🇵🇪 se encuentra con inflación empobrecido endeudado y destruido la desesperación de los sicarios prostituidos terroristas de periodistas peruanos 🇵🇪 y múltiples empresas privadas cuando se sienten tocados sus intereses económicos da lo mismo elegir por la Sra Keiko Fujimori con personal técnico corruptos si gana cuántas empresas se enriqueceran ilícitamente y se repartirán los recursos naturales mientras los aportantes y ex aportantes del ONP AFP y FONAVI se encuentran falleciendo en sus propios hogares sin recibir su propio dinero 💵,0
MAYIMBU TE VA HACER DAR EMBOLIA CHINOO DE TANTO RENEGAR CON EL 🤣🤣🤣,0
"Me parece muy bien, querían plata facil ahí está 👍👍",2
Jajajaj 🤣 para nada y menos la plata ….pura c.c.,0
File buater donde se deposita la 💩 m____ya no te dará plata el presidente 🐁trata de mierda,0
Cris López ese va ser mi nuevo point 💁‍♂️😉,2
"Tita, más points en Chincha!!! 😋😋😋",2
"Estás perdiendo Plata, stand up sería una buena idea 💡",2
Una vez un policía q parecía bbita m encañono pq no m deje registrar y pq no le di plata ...creo q keria hacerme tocamientos indevidos 😉😉😉😉😉,0
Enamorada de la plata😁😁😁😁😄😄😄,2
Sandro Gutierrez que opinas aqui ya llegaron a 65 pollo entero 😥😥 #NoMasPobresEnUnPaisRico,0
"Raul , tu polloshimaru  🤣🤣🤣🍗",2
Lourdes Angulo ves pollo ☝🏻,1
Amor Olenka Sofia 3 sitios para ir a comer pollo a la brasa 🐔 .. 🤤🤤,2
¼ de pollo a la braza 🤣,2
Luigi Sugobono Degregori points😎,2
Alejandro Trujillo Alvarez Mariale Trujillo Alvarez los points para su viajecito 🤙,2
Priscilla Bellido Conde checa esto!!! Podría ser el próximo point!! Y bailando ese pasito 🤣 Pdta: escucha el video 😂,2
Rolando S. Medina  el doc que se conoce todos los points 🤭,2
"Gabriel Cumpa habrá Chiclayo parte II, menciona los points 😎🤭",2
Pamela Yngrid Mascaraqui Zuniga point 2 😉,2
Lozada Yarleque Yaritza Katherine cuáles son los points recomendados por ti 🤔 🤔,2
Compartimos profesores y PPTs ✨,2
Mary Tello López la pollaxd 😂,2
"No me quiero imaginar las japonesas y los japoneses , cuando vean al Niño polla 😳🤯😂",0
Valeria Laura la polla y sentimental eres tu 🤣🤣💜,2
Ptm que le pasó al Jordy el niño polla !!!!!!!🤣🤣🤣🤣🤣,0
Carlos Javier Luis Gomez llevamos el pollo al cine 😂,2
"A mí me encanta, además tienes mucha personalidad para que uses lo que te dé la gana. Éxitos en tu vida profesional y familiar.👍☺️",2
Lina Fernandez Nuñez🤭🤭 saca el pisco 🤣🤣,2
"María Pía, eres increíble!!! ....soy tu fiel seguidora. Me haces reír con tus ocurrencias 😂 Que sigan los éxitos para ti y tu linda familia. Un abrazote desde Pisco 🤗",2
Milagros Ormeño Pisco lo veo y me da mucha risa y nose porque Jajajajajajajaja 😂😂😂😂😂,2
"Diosito lindo, al ver tu video y leer lo que escribiste confirmo que en lo que pensamos primero es en nuestros hijos. El susto más horrible de mi vida me lo llevé cuando sucedió el terremoto en Pisco 2007  vivía en Trujillo, estaba sola, embarazada y con mi bebé de meses durmiendo, se sintió fuerte, corrí al cuarto a ver a mi hijo, fue lo primero en quien pensé, todo bien gracias a Dios.Cuídense mucho.❤🙏",2
Karamanduka 😂😂😂😂😂😂😂😂😂😂 Noelia Pisconte Matta,2
La gorda sexy  cada día piyina 🤭🤭🤣,2
Recuerdas el pisco que les prepare Carla Gabriela  😂,2
Kevin Suclupe Piscoya 🤣🤣🤣🤣,2
"Hola mi querido prosor, esta muy piola tu corte. 😉😉",2
Tobi la bajas piola 😂😂😂😂😂😂,2
La pinta es lo de menosss... VOZ SOS UN GORDO BUENO 🤪 GRANDE GORDOOOO!! 🖖👏🖖👏🖖👏,2
Colla Pintado se parece a ti  🙄🙄,1
"Cynthia, ojo al piojo 👀",1
"Que piola! Nueva generación bien dirigida. Nada de muletillas absurdas y ridículas como ""tipo...."", ""Chill"" y ""manyadit@s"". Que buen final. 👍🏽🤘🏽",2
Cantas piolasa y su viejita le sigue ❤,2
"Volviste Mox, el Kiko peruano, ta bien piola tu gorrita azúl😅",2
El verdadero profesor 🤗 Todo el éxito del mundo profesor Ricardo Gareca 👍🏻,2
Lucho más pisao da ganas de 👊,0
Te llevas un Pisco y regresas con un trago de la ciudad que visitas 😃😃😃,2
Melissa Vargas Olga Jacquelinne algunas vez hicimos la ruta del pisco ahora vamos por la del ceviche???🤣🤣🤣,2
Daniela Pisco Bullon Allison Reátegui Ana Lucía Ocampo Bruno 😂,2
Como cae mal pique gracias a él shakira esta enfocada en canciones de desamor pero no en la del mundial 😢,0
"Pía te faltó decir, piquense envidiosas 😌💪",2
André Pareja Pérez León 😱😍 piqueito para el partido!,2
Es dj del club local lo puso para desconcentrar a piquetazo 🤣🤣🤣🤣,2
El mejor ceviche es Chiclayano👌 y no se piquen por favor  ✌,2
Me encanta asi que aquien le pique se rasque y le salga roncha de pura envidia. 🤣🤣🤣🤣🤣,2
"""La gente de caras no la soporto"", apuesto a que le llego hasta el alma al pique🤣🤣",2
"Harta con renzo, con María pía ya me tiene harta y la sheyla todo porque son de plata 😒",0
"No tienen sus hijas, ese juez es convenidos todo poa plata cochina 🤢",0
"Nos están cayendo las 12 plagas, q horror es éste!! 🤦‍♀️🙄",0
Este peste vizcarra es peor que mil plagas🤑🤑,0
Genocida plaga kkk ya quisiera yaaa está su lugar de mi presidente Castillo.  Gracias a Dios 🙏 🙌 nuncaaaa estáraaa en palacio🤣🤣🤣🤣,0
Jajaja cuando no hay plata no hay hambre...😅,0
"felicitaciones para ti Pamela, eres una mujer muy hermosa y muy profesional. Bendiciones 🌻",2
Creo que te gusta el profesor🤔🤔🤔,1
"Tu país siempre va contigo. Tu profesion es loable, adelante 👓💼",2
"✨Diana Sánchez✨ Tiene que estar en Reinas 👑 ella es muy talentosa, dará mucho profesionalismo.💃🏻",2
Ps esta loca amy como va decir eso q si se da se da yo se q es profecionalismo pero tampoco tampoco eh una cosa es el baile y otra cosa lo q mayra goñi hace que es la actuación además mayra goñi es mejor q amy haci para adelante mayrita 🖤🤗,0
Que tal profesional el que la está entrevistando ...!!! 😂😂😂😂🤣🤣,2
"Dios te bendiga por siempre y que la fuerza del universo conspire cada día a tu favor!!😉✨✨  Te admiro y orgullosa de conocer, aunque sea de lejos, a un gran ser humano y excelente profesional!!!",2
Hola jape Saludame porfabor 😄😄,2
"Por eso sean empáticos con las personas que trabajan en Atención al cliente, que no saben como en realidad ellos trabajan bajo la presión de jefes que solo están estresandolos y molestando. Eh visto mucha gente que no sabe ni decir gracias o porfavor, cambiemos ese chip y seamos empáticos, hay muchos jovenes que viven con el estrés de 2 trabajos o de horarios de 13 horas con un sueldo mínimo en muchos de estos restaurantes. Buen video para que la gente tenga mas conciencia 👍",2
El 17 porfa😭🙋🏻‍♂️😭🙋🏻‍♂️😭🙋🏻‍♂️😭🙋🏻‍♂️😭,1
Ay porfavor Beto somos 3 😂,2
Yo también los hago sacar los zapatos cuando llegan a mi casa 😂😂no me gusta que lleven polvo,1
Algún producto para purificar el ambiente o para la alergia al polvo u ácaros??🙏,1
Amo! Ajajja harina con polvos de hornear o sin? 🤔 seca! 😘🙌🏼,1
En polvos ayer pregunté y mínimo está 650🥺😥,1
Miguelito medio polvo. 😂,0
"Yo quiero probar el Eucasol, sufro de alergia a la humedad, polvo, etc 😢 o que producto me recomienda?",1
Sabes donde puedo conseguir los polvos 😂? Tu que sabes Brenda Caballero,0
26 y me pinto el pelo morado porfa nunca me gano nada 💜💜💜💜🌈🌈🌈🌈🌈,2
rodolfiwo.  apaga p porfavor si 🙂 <3  i love you shetuvida.,2
SOLO DI ONII CHAN YAMETE KUDASAI NIAA HAAA PORFAVOR Y TE PERDONO ❤❤❤❤❤❤😣,2
"Cholo eres una gran persona alegras los días de todos gracias por todo , mándame saludos porfa 👏",2
La madrastra porfavor!!! 🥰 🥰 🥰 🥰,2
"Impecable presentación , uso del espacio , lenguaje no verbal , técnica vocal , interpretación , se ve profesionalismo y trabajo 👏🏻👏🏻👏🏻👏🏻👏🏻👏🏻",2
"Hola japeeeee, ya tienes la película de kimetsu no yaiba,  pásala a tus seguidores porfaaaaaaa🙉🙈❤, saludos desde Perú 😆",2
Emerson Sánchez vamos vamos vamos vaaaaaaaamooooooosssss bebe porfavor!!! Siiiiiiiiii 👅😂😂😂😂😂😂😂😂,2
Karla Cortes química porfaaaaaa para el spa de su hermana 😳🙊,2
Chicaaaas lindas el 5 porfaaa ✈️,2
Con esa pinta cualquiera los confunde!!!😁😁😁😁,2
"Melody Ñihuin Herrera  causa, tú te llevas el premio de las más tardonas 🤣🤣",2
No hay punto de comparación Queen lo maximo  y el otro parece un cavernícola con esos ruidos 🤣🤣🤣🤣,2
"El rico ceviche, su causa, el jugoso  y el pan con pejerrey, Mi Rico Chimbote😏😏😋😋",2
"¡¡¡¡MUCHÍSIMAS GRACIAS!!!!   ¡¡¡¡FELIZ ANIVERSARIO!!!!   ¡¡¡¡VIVA WILLAX TV!!!!   LA ¡¡¡¡MEJOR!!!! Y LA ¡¡¡¡ÚNICA!!!! TELEVISION PERUANA 🇵🇪   QUE ¡¡¡¡DEFIENDE!!!! A NUESTRA QUERIDA PATRIA, El PERÚ 🇵🇪  A PESAR DE LA ¡¡¡¡INJUSTA!!!!DEMANDA JUDICIAL DE “PEDRO CASTILLO” EN ¡¡¡¡CONTRA!!!! DE ELLOS   PORQUE LOS “LÁPICES”✏️ ¡¡¡¡ODIAN!!!! A LOS PERIODISTAS QUE DICEN LA ¡¡¡¡VERDAD!!!! Y A LA ¡¡¡LIBERTAD DE PRENSA!!!!  QUE DIOS LOS CUIDE Y LOS BENDIGA SIEMPRE  🙏🙏🙏🙏🙏🙏",2
FUERZA Y CORAJE  BETOO!!! WILLAX!!! Contigo Siempre  FUERA YA 🙏🏻❤⭐🎇🤗🙏🏻,2
"Buen trabajo  de WILLAX, periodistas objetivos, que ponen la agenda todos los días...FELICITACIONES❗ a seguir desenmascarando los !!!",2
Buen trabajo willax .🇵🇪💪🏻estamos contigo .duela a quien le duela 🇵🇪💪🏻,2
Para esto te contrataron en Willax? Beto la situacion esta dificil. Tu rres un gran periodista 😉,2
LA PHILLIP WATER POCO A POCO SE SUELTA LAS TRENSAS  PRODUCCIONES TELEBASURA PBO WILLAX LAS NARKO-PRENSA EL DERRAME FEKAL D LA INFORMACIÓN HUMORISTIKA DEL PERU 🤦🤦🤦🤦🤦🤣🤣🤣🤣🤣🤦🤣🤣🤣🤦🤣🤣,0
"Por eso, cuando saco a bailar a alguien siempre la miró como baila, para no quedar en ridículo como mi causa 😂",2
Quiere terminar como don Ramón el causa literal😂😂😂,2
"Ya pues, cuantos no quieren ponerse la vacuna, y él lo hizo,  sin saber que reacción le causaría, no es pecado. Además era el presidente del Perú.🇵🇪 No seamos tan mezquinos. Es mi humilde opinión  👍🏻",2
Jaajaj la venganza de Cristhian a Jesús fue el vídeo del pan con paltaaaa😜😜😜,2
Sayda Berrocal  no hagas recordar da palta 🤣🤣🤣😅😅,2
Gareca convoca al Gato cuba no seas palta porque el gato esta solo 😂😂,2
"Cual aguacate pues Katy, en Perú es palta xd 😅",2
Cual guacamole.. Palta 🇵🇪,2
Se ve delicioso me encanta y sobretodo la palta wow extraño mi comida peruana deliciosa 😋 ,2
No seria paltamole😂 jajjaja por que el guacamole se hace con aguacate 😁,2
saludos a Chamorro su amiga vicky donde queda su rest.para ir me avidas ok 👍🙏🏼🙏🏼,2
Lucia Chamochumbi tu buscando figuritas 😂😂,2
Como digo en todo lados .. 913245802 yapea un chamos menos 🔫🔫,0
"Espontaneo sin hacerce el gracioso, buen tipo para rajar de la tv 🤝",2
"Jajajajaja siempre va a rajar la gente, pero ...  Que digan lo que quieran de mi 🎶🎵😂😂",2
"Esa es la actitud.  Si van a rajar igual, que lo hagan con ganas el raje. 🥰",2
Ronald Santa María Encarnación chamo saco el motokarro🤣🤣🤣🤣🤣,2
Los chamos de rappi de venezuela se lo volteo el 2020🤣🤣💩🤣 cuando descendieron,0
Evelin Quipuscoa Pavón😂😂😂😂😂,2
Ronald Pelaez Quipuscoa debemos hacer un tiktok 🤣,2
"Joan Quipuzco “y al final, vas a ir o no vas a ir?” Jajajaja tan nosotras 😂",2
Ta buena la Paila 🤣🤣,2
Te falto probar el espesado con arroz y ceviche de caballa que es un delicia en chiclayo. SOLO LOS LUNES SE PREPARA 😉😋😋,2
Dayanna Mileme cualquier parecido con la realidad es pura coincidencia 😅...tan tuuuuu 🤭🤭🤭 Haci te haré volar 🤣,2
Nomas no vallas a volar jape 😂😂👌,2
Julillo Carrasco comiendo tu arroz árabe 😃😃,2
"💥 El pato se ve rico, igual el ceviche ;)  -> Pero el arroz, no se ve nada apetecible :(",0
Yulian Pallardel jajajaja que fue🤣🤣🤣🤣,2
Jessica Pallaroso Ajajajaja tu risaaa 😂😂,2
"Si recuerdo haber jugado con fríjoles de colores, les llamábamos chunguitas, y también con pallares de colores en Cajabamba 😄",2
Brando Lozano Pallardelly 🤷‍♂️,2
Siempre me pregunte ..¿ porque de japon a francia y luego perú? En vez de japon volar sobre el pacífico y llegar a perú🤔,1
Diego volare volaré volare 😁😁😁😁😁,2
"Reeee loca, en Sur Perú hoy sale el Manu II.... tener q volar a Lima pare ver el estreno, s q estoy super loca😜😘",2
Hasta que se le acabe la billetera y después a volar joven 🤣😅🤣😂😂,2
"🤣🤣🤣🤣🤣 PATÉTICA  DEFENSORA....SIMPLEMENTE RECONOCE,QUE NADIE ESTA INTERESADO EN ESE DOCUMENTAL...FUE UN FRACASO Y PUNTO.",0
Adivinen a quien se le viene el quino 🤣😅👌👌,2
Se viene el quino 👌 de la vocal,2
Habrá fiesta de quino.....?.....🤡🥳🎂,2
Clelia Karina Jara Quino mira 😃,2
Jajajajajaj Kevin Quinones en que momento dejarte de quererme 😆,2
Alejandra Quino miraa jajajaja😂😂😂,2
Ojalá convoquen al pibe Quina 🙏🙏,2
Lucía Wacha 😎❤ Es señal de que iremos a Japón:3,2
"""Obviamente... Dice el dj"" No hay necesidad de usar frases wachafas 🤣",0
Iker Castillo  wacha 😳,0
El libro ya está disponible en todas las librerías? Y se ve cañón ese sanguchito 🤤,2
"🍗  Beto Ortiz (Oficial) y uno pensando que las fiestas infantiles son tu especialidad, ahí hay carne de cañón para ti 🤡",0
Cuidado y por el cañón te encuentras con Rosario la ex enamorada de Ciro 😂😂😂😂,2
"Luciano tan guapo, ese corte está bien pendex, bien chamo🤣",2
Chelsy Otero Chafalote jajajaajajajajjaajajaj 😂😂😂😂,2
Ojalá que no lo degraden haciéndolo conductor de ese programa tan chafa 🤦🏻‍♀️🤦🏻‍♀️,0
Honores y causas... 😁. Buena esa,2
Ahora Willax todos los días en sus programas es atacar a castillo no saben que le hacen un favor en ganar 🤦🤦🤦🤦,0
Q horror ..🤣🤣🤣🤣🤣 puntaje  0,0
Hernán Augusto Silva Luna debemos ir allí amor  Órganos  Punta veleros 😍,2
"Rubí hizo mejor q Elías, nose pq un jurado les dió igual puntaje, cuando Rubi se lo llevo de encuentro 🤦🤦🤦🤦",2
Jajajaja.. Yo quiero el de la punta peluda 😂😂😂,2
Jajajajajajaja jajajajajajaja Eso sí estaba bien escrito 😂 Saludos desde punta arenas región de Magallanes y Antártica Chilena,2
Solo gente fiel? Pucha ya fue 😞,0
Sueños.  Solamente sueños acá en Lima no creo que lo encuentre 😪😪😪😪😪 puchaa...,0
Ahora Beto sabe más que la policía 🤣🤣🤣🤣 y quiere escuchar lo que el quiere y no lo que realmente sucedió. Pucha Beto no seas terco el periodismo es para informar con la verdad lo que tú haces no es periodismo.,0
Jajaja ese tobi hay siempre la garrita presente tobi eres la muerte pucha yo queria ir a tu taller😔,2
Tifany Javier picarooooonnnneeessssss 😍,2
Tener cuidado con eso porque cuando ingresa cosas... Tiende a picar los conductos del gas de las hornillas... Y hay fuga de gas sin saberlo😱y llena de tisñe las ollas!!!,1
Chicas pucha... No me pude conectar ..mi Fer se puso mal del estómago 😢,2
Yo haciendo clases virtuales todo el santo día! La pucha! es más difícil que las presenciales! 🤭,2
choco bot me llegas a la punta del corazón 🤠,2
El mejor pulpo al olivo  !!   😹,2
Yo te mando 🐙 pulpo a la gallega braceada como te quedó el ojo 👀 manda ya el billete  de regalo 🎁 jijij 😜😜😜😜🤔🤔🤔🤔,2
"Tienes nuestro apoyo Corzo... con mentalidad y buen futbol se puede sacar puntos en argentina, ¡Arriba Peru!❤",2
Calla basura 🤣🤣🤣🤣🤣 Mermelera perra barata mascota de Erasmo Wong,0
Corre perra correeeeeee!!!! 😅😅,2
Corre perra correee!!!😂😅,0
"Hijo no perra no, es hija de perra 😂😹😹",0
"Increpa a la señora por tener 6 hijos y no al papá por no hacerse cargo, el clasismo y misogina de este señor me revuelven el estómago 🤢🤢🤢🤢",0
Se ve q tiene el alma de perra 😂ese curita,0
Erick Fernando Novio de Estefanía final inesperado....QUE HIJO DE PERRA JAJAJJAJA😂,0
Que perra asquerosidad 😂,0
Mira eso asta las uña sela pinta ese perro 🐕,0
"ME HABRÉ ENAMORADO DE IWO? 🥺🥺🥺 SI NO, POR QUÉ ME PICA LA PINGA CADA Q PRENDE ESTE HIJODEP3RR4? <3",0
Hector Herrera ponte las pilas craggg. Pensaa pensa. 😂 Actúa papu.,2
Eso ya es del mismísimo demonio 😈😈 jalando almas para su sartén pilas,0
Que se tome un pingaCelina 😂😂,0
Le gusta la pinga ajena 😂,0
"Se puso, para que no se note la pinga. 🤦‍♂️😹😹😹😹😹😹",0
Disculpe porque july no es de Perú 🇵🇪 mírenlo pintado de cara Austria 🇦🇹🤦‍♂️,2
"Heidy Pintado Ni modo, a ensayar los pasos prohibidos para otra ocasión 🤣🤣❤",2
"Wow! Que Riko todo... incluída la pintadita jajaja...Mira Julisa Palacios lo que vas a disfrutar...Provecho amiga,yo también quiero! 😂😂😋😅",2
Ana Lu Silva ya sabes marca la pichola 😂,2
Oscar Picho Ospina amor 😅😅😅 tan parecido a la realidad,2
   Kelly Shady Picho tu editaste ese video 😂😂😂😂😂😂😂😂😂😂😂😂😂😂😂😂😂😂😂😂😂😂😂😂😂😂😂,2
Cómo te haces la pichi Beto 😅,2
"Este won..zo está picón ,a él no le tocó espero te llegue el covid pronto 😂",0
Jeeee más picón crishitian  me dio risa 🤣 😂 😅 🙈 la pobre no se lo esperaba,2
Andas picón por qué todavía no te vacunan 😏,2
La mascaly es recontra pichicha 😃😃😃😃😃😯,2
Los ricos picarones delicioso 😋 desde Perú picarones peruanos,2
"La ilogica de la seleccion peruana :  Marruecos le gana a brasil. Marruecos empata con peru. Peru escucha brasil... se hace la pichi y perdemos 🤦🏻‍♂️  Asi de 9iles somos, en el futbol no se le respeta a nadie ni se le agacha la cabeza a nadie, se va con todo y a ganar como lo hizo marruecos",2
Para la proxima que lo bañen con pichi 🤣😂😁😁🤣🤣🤣🤣,2
Yojan Chuctaya Loayza vamos pero no te hagas la pichi! 😂,2
mira Pichi Gijon su sanguchito ya no ya en San Sebastian 🤤🤤🤤,2
Te hiciste la pichi en pleno programa 🤣🤣🤣  con alguien que te dijo las verdades en tu cara.,2
Ahhh pero con doña Nelly el se hacía la pichi 🤣🤣🤣,2
Anderson Bautista jajajjaa te a ganao tu pichi 🤣,2
Jaja 🤣🤣🤣 me hice pichi 🤣🤣😃🤣,2
"""Mayonesa pichicateada"" 😂😂😂😂😂😂😂😂😂😂😂😂😂",2
"Cachin eres la pieza clave del humor desde mi niñez pero recuerda la gran sangre se quedo grabado en las mentes , seria bonito verte hacer peliculas de accion 😎🤞",2
"Pillas! Pilas! 🔋😅 ahora delivery, ubica corresponsales de cada región y ya la hiciste 😄",2
A ponerse las pilas porque estos últimos partidos has estado flojo Aldo 🤔,2
"Si el profe lo puede hacer, porque yo no????? 😌",2
Al igual que tú y toda tu mafia comunista Fujimorista el juega sus piezas de ajedrez. 😎,0
"SE ESCUCHAN, LA MARCHA DE  LOS CENTROS POBLADOS ""POBRES"" DE MIRAFLORES, SAN ISIDRO, JESUS MARIA, SURCO, LA MOLINA; PERO YA PASO, PIEZA LA NOVELA Y CHAMPIONS😎",0
Más bien  debería llamarse PIEZA 🍆,0
Etza piezaza su nombre.😄😄😄😄🤣🤣,0
El policía... Espera profe se le cae el sombrero 🤣🤣🤣,2
"Queen, su vocalista Freddy Mercury, no hay punto de comparación con este seudo estrella  de no se que cosa será 🤷",0
Justo voy a ir ahora en la tarde Angamos y voy a buscar a luis ... Voy con ale para que le pida su carpa a 20 soles 😝😝😝😝😝😝,2
#Manolo carpa y slepping de cuantos grados bajo cero se necesita??Es igual q Rupac?. Dateanossss ;)  eres Lo maximo 😍😘😍,2
Jajaja te admiro mujer así te pongas una carpa te ves hermosa 🥰,2
"Isabel Valdera Garcia, Lucero Luna Paredes, Sandra Elizabeth Pizarro Suarez ya pe cuando? 🤭",1
Jaja ya pero vieron ala bendición? 🤣🤣🤣😂😂😂 Nivel Deoooooosss,2
Me alegro mucho que pese a los contratiempos la hallan pasado muy y en compañía de WILLY más 👌🏻,2
"En modo Yazid Owen Martinez, todo willy en el kapital  🤣🤣",2
Nunca me haz querido 😩😫🤣😂 Willy's Dzib Jajajajajaja,0
Uhmmm mejor es quedarse muda sino se sabe el tema y punto sino pues 🤔😐 terminas con mitad de personas q no simpatizarán .,0
Será a experimentar el romanticismo con la puesta de sol en CASHIBOCOCHA? 🤔,1
La unica q chilla es willax  t.v🤣🤣🤣🤣,0
"Dania Gladis Molina , en primer no soy tu querido y yo solo estoy dando mi punto de vista .😂",1
Quien es Rincon que vaya a ver los problemas de narcotráfico  en méxico.   No tenemos que  dar explicaciones a los vecinos .aquí se resuelve primero los problemas del hogar y punto los vecinos salen sobrando.🇵🇪🇵🇪  Ese tipo es  parte de la mafia,0
Buen punto!!!!! Donde se come rico buen lugar 😋😉👍,2
Solo nos queda soportar y punto .😫,0
otro caballito de Troya dan 🤣🤣😂😂🤣 esta policía sinverguenzas pienza k el cargo es herencia k no quieren salir estos perros.....,0
"Marisol Poblet otro punto de comida, vamos a matar esa hambre que hay en mi interior 😂 jiji algunos gestos son igualitus a los mios 😆😆",2
"Los idiotas son los únicos que no pueden respetar un punto de vista y se toman todo a pecho, en fin.  Ánimo niña, que no hiciste nada malo y tienes mi respaldo 💙",0
"Muy bien Emy !! Las personas que te seguimos entendimos tu punto , lamentablemente como dices no todos opinan igual,  igual es buena tu aclaración , pero punto final y a seguir adelante con tu familia y a cuidar esa pancita 🥰, sigue alegrando nos los dias con tu actitud y buena vibra !! Bendiciones😉😘",2
🤣🤣🤣es el peor equipo Colombia q visto en mi corta vida... En líneas generales ya pe inventen otra palabra,0
"Luciana Su Grimaldo ya pe vamos, prometo no desmayarme 🤣🤣🤣",2
Simon Roullier así debo pelar 😂,2
"La beto toda histérica porque el Perú se vuelve comunista ya no vendrá su zambo americano para que lo ""desatore el tubo"" 🤣🤣🤣",0
jajajajaja trae a su yunta para la entrevista y no morir olvidado.  p2🔪,0
"Los directivos de dicha Federación, debieran ser reemplazados por personas capaces, sensibles, peruanos que den la vida en forjar muchos valores más... La conveniencia, el tarjetazo, el racismo, la arrogancia, ineptitud, mediocridad, falta de liderazgo, de seguro el pagos económicos sistemático a componendas políticas deportivas, nepotismo, favoritismo... Una reforma absoluta debe de haber con intervención de la Contraloría, Ministerio Público, Poder Judicial, la Policía en general, el Ejército y servicios de inteligencia correspondientes. Previamente PENAR LAS PENAS PUNITIVAS CON MÁS RIGOR... MÁS PENAS Y SANCIONES.  DESCENTRALIZAR LA VIDENA, PARECIERA QUE SE HA CONVERTIDO EN UNA ÉLITE, Y UNA BUROCRACIA SIN HORIZONTE. DARLE TRABAJO A LOS 🇵🇪 PERUANOS PRINCIPALMENTE.   SERÍA OPORTUNO QUE SE CONSTRUYAN 6 VIDENAS MÁS EN LAS REGIONES DEL PAÍS.  LLEVAR A CABO EVENTOS DEPORTIVO DIVERSOS CON LOS CENTROS EDUCATIVOS, INSTITUTOS, UNIVERSIDADES ETC. 🇵🇪.",1
Jajaja Tenías q decirle  Yungai 🤭,2
"😞 ya perdi, no tengo muchos amigos",0
Ese Osito ya se fue al baño para jalar líneas por el p0t🅾️,0
"Jajajaja super fresh, genial 😘",2
"Primer mundo, aquí todavía utilizo cubetas para jalarle al baño 😞",0
Jaja cabeza de ganpi debes venir al Callao haber como reacciona la gente de acá con tus bromas 🤣😎,0
😂😂 Saul Armas Quiroz que tú no personas ni a los cabros jajaja,0
JAJAJJAJA mori ptmr cuando le jalaron el cabello a la chica 🏃🏻‍♀️,0
Tobi no jo.....  dedícate a lo tuyo esa chica está llevando al error a muchas personas donde quiere imponer un lenguaje que está para jalarse los pelos que no tienes 🤭,0
"En Chile a estos cabros con talento le llaman ""delincuentes"" No sean como $hile porfis 💕",0
Perdonenme pero ya me la iba a jalar😆,0
Dañó.....la jerma deja y se llevó gratis iPhone 😆😆😆😆😆,0
Tanto drama con eso jerma lo m4t4n y vuelve a revivir con las esferas del dragón 😃🤡,0
La jerma de cuasimodo🤣,0
Es porque no has ido a Marco Jauja 😁,2
Me encanta!!! Mi pedacito de cielo. Jauja que dulzura☀️🍂🍃😘,2
Hablen de la Sudamérica par de cabros. 🤣😂,0
"Me encanta tu actitud, siempre fresh!! 😍 😍",2
Jajajaj ese mateo x mi freshhh ahh jajajajaja 😅😅,2
chicas 😉  lleven ropa freshh,2
Kelly Sofía Lévano  Sofia cheka esta vaina  🤣,1
Betty Ramirez & Janett Ginaa Rojas Rojas Janett G Rojitas ya las veo asi en el aeropuerto rumbo a Parìs o sea a Jauja ✈😁,1
Chino gey lee ps mi comentario  déjate de vainas........🤣🤣🤣🤣🤣🤣🤣🤣🤣🤣,0
"Saludos desde JAUJA , visítanos. 🌷",2
"Gánense a su cabro, hasta eso quieren gratis 😆",0
Me da risa ése cabron? Jajajajaja 🤣,0
Ptmr me tiene huevona. Con su Joel y Patty.  Acada rto me aparece esto. 😒😒😒,0
Éxitos GRONE...!!! 😎✌🏽,2
Chino pásale un huevo está asustado 😂😂😂,0
Cervero Grone tu ciudad 👍🏽,1
Falto pildorita ahi para que opine los del iphone 13 😂 gordo huevon,0
Jhonatan Gutierrez Altamirano Ta huevon ese ... 🤣🤣,0
Carlita Ccamacho no puedo más huevona.. 😂😂😂😂😂😂😂😂😂😂😂😂😂😂😂😂😂,2
Penal de máxima seguridad con fono??.. y mejor que el mio por lo que veo 😄 Eres o te haces el huevon 😂😂,0
Pepe Daza tobi se la agarro con cabeza de gapin! 🤔🤣 🤣Paquito Vargas 👍✌,0
Su gorra de la chica 🤣🤣🤣,2
Jajajajaja como cuando vamos de compras😂😂😂  Pedro German Pizan😂😍,2
Saludos los chacoteros del humor saludos peruano residente in Germany 🇩🇪🇩🇪🇩🇪🇩🇪🇩🇪🇩🇪🇩🇪🇩🇪🇩🇪🇩🇪,2
La hija pidiendo gapin a gritos 😂😂,0
Ya suelta betofilo que no es gapin 🤣,0
Hola saludos desde Germantown MD USA 🇺🇸,2
Ya deja la grifa 😜😜😜,0
Erick Osores baja su grifa con el Cashto 🤣🤣🤣🤣🤣🤣,0
"No Luciano, y los que vivimos fuera de Lima? Vendiendo la gorra por internet seria mejor! 😢",1
Hasta el policía le acomoda la gorra 😂 pobre burrito,0
te amo alianza toda la vida Grones es más grande del Perú 👍,2
J Brian Grone jajajajajajajajaja nosotros 😂😂,2
Vamos grones juntos hasta él final 💪💙,2
Saludos desde California Grone vamos por el Tri 🇺🇸,2
Najhú La Borda ve por mi gorra 🤗🤗🥰🥰,2
Jenyee Tong quiero mi gorra 😍,2
"Chino poco a poco tienes que ir dejando los lentes y la gorra, porque algunos personajes ya no cuadra. Saludos ✌️",1
Patrick Marquina el de gorra se me hace conocido a un morenito 🧐🧐,1
"Menos mal que fue un kekito y no tu labial mate recién comprado...me pasó...,😉😉😍",2
Dile si hay descuento en labiales por fassssss ☺☺,2
Gaby Salazar esa labia 😂,2
Me encantó el labial... ✨,2
Mayra pobre tu futuro flaco😂😂,0
Kathya pobre tu próximo flaco 😂😏😏,0
Tienen el mismo lápiz labial $😂,2
Jajaja jajaja 😂😂 porque eres tan flaco si comes mucho,2
LA CHITO Y EL BRITO JUNTOS 😎,0
Igualito a Shirlley Nella B. Balarezo y su flaco 😅😂😆,2
Paolo Lanza Senisse tu pagas🙄,1
RECUERDO EL LANZAMIENTO DE ADIÓS AMIGA MUGREEE🥺🥺,0
"Ya, ya, señora ahora diga q va lanzarrrr para q tanto show q la deja peor que antes 🤦",0
Cuando vuelvas a lanzar tu programa de el valor de la verdad me avisas para verte... tengo que ver mi novela 👌,0
Alguien mas se dio cuenta que dafonseka tiene  2 globos y solo se ve 1 globo lanzado? 🤔😂😂,2
Rosalia Sanchez apuesto q te confundes de flaco! 😂,0
Que  bien te castigas flaco ! 😜,2
👀 prepárame ceviche pues flaca Sandra Acosta 🐟🐟,2
"Lupe Brito Casimiro, lo que extraño de el. 😂😂",2
Pobre cabro imbécil..solo por una palabra despide a su productor...🤣🤣🤣🤣😆😆😆😆,0
Puro floro sr castillo cuánto pagas a esas personas jajajaja 😜,0
Que no le habían botado a Mayimbu..😲😲😲😲😲😲que eres más floro,0
Luis Tavara tú con los cabros de tus eventos 😂,0
"Pía,  eres todo un personaje siempre tan ocurrente y bien fresh🤭que me enganchas con tu videos jajaja. La quinceañera fue mi novela favorita. Saludos y a seguir con tus videos motivacionales😁",2
"Jajajaja que risa! Pobre, debería ser más fresh 😎",0
Fabrizio Adolfo Hidalgo falta el de mi flaco ♡,1
Tania Brito Morales muy tarde llego tu recomendación xk ya término verdad 😂😂 Maria Pia Copello,0
Y a las cuántos meses cambia de flaco ? Jajjaa 🤣,0
Rafaella Calvo-Perez Camila Deza Milagros Jimenezno sere el flaco pero asi estoy en sus conversas 🙄,1
"Es cierto .. todos tenemos el derecho de opinar, pero también identificándonos y validando con pruebas ... es una lástima que tratemos de usar a los menos favorecidos en la sociedad (no solo pobreza) 😎 ojo ahí ..solo para ganar votos ... vemos cómo se desangra Colombia 🇨🇴 con un presidente con un mismo floro...! Lamento decir que elijamos lo que elijamos este 6 de junio nos va pasar factura...!",0
Tlv mayimbu picando con el floro del celular 🤣🤣🤣,0
Será cierto ono será cierto esté floro de regalos .. todavía no lo creo 🤔🤔🧐,1
Administrador 🐔 cabro CM no sirves siempre posteas cosas fuera de lugar,0
🤣🤣🤣🤣🤣🤣 LE GANÓ EL CABRO 🤣🤣🤣🤣🤣,0
Esthefane Huatay si el año pasado hubieras visto este video fácil serias millonaria 😎😂,2
"Jajajajj a mi me paso, pero no el hueco, eran calcetas de diferente par nada que ver la una con la otra 🤣🤣",2
Erika Palacios weeeey habla igual que tú jajaja 😩😩,0
No sé quien hubiera hablado peor. Él o Acuña 🤔,0
Jajajjajajjajajaj ahí está su presidente burros 🤣🤣🤣🤣,0
"Por arriba es llama y por abajo, es burro 😆😆🤭.",0
Impresionante ala niña de escasos 10 años tocando la guitarra como ella la sabe hacer!!! Brillante futuro al perlita de Ayacucho. ❤❤,2
Patricio tocando la guitarra con la otra lloraba jajajajaja 🤭,0
Q lindo toca la guitarra esa nena 👏😧,2
April Gaea recuerdas amiga? Con mi guitarra 😂😂🤓🤓,2
Que linda cancion...me recuerda a mi padre..era su cancion favorita y la tocaba con la guitarra hasta que se quedaba dormido😥😥😥,2
El chinguirito es de Guitarra seca 🙄,1
"Señor Acudió no soy buena para la cocina, pero leo la receta y veo el video y me confunde porque en la receta dice poner un huevo a la masa y en el video dice dos temas nada mas, luego para freír pasarla por harina y huevo batido y en el video solo se ve que la pasa por harina😦😦😦😦😦",0
"Jajajaja buena Yida, excelente más claro.ni el agua,bien dichopara los  huevones😂😂😂🥂🥂🥂🥂",2
"A mi encanta realpalaza salaberry porque tienea als tiendas q mas me guatan como  mabeline, zara y adidas entre otris ademas puedo pasar una tarde super relax  encuentras comida y diversion asegurada ademas la atencion del personal es super buena y con dispocision para ayudarte es super me encanta.....super buenos deseos para ti y sebas besos...😉",2
Gisella Ema Emilia Gonzálo Esos me guataria saber como suena y se escribe👏,1
"Y cuál sería el problema si su pareja en ese entonces le regala una orquesta,la q puede puede pues...cuál es el problema hayyy ....ya pasó hace mucho y siguen facturando por solo hablar de ella y así dicen q ella es la interesada 🤦🏼‍♀️",0
Andrew Lomparte un video asiiiii mi amor 🤭,2
Cenia Elena Pacta Paricahua Erika Beatriz FC el rencoroso. 🤫🤫🤫🤫🤫,0
"Hemos tenido grandes artistas gays como Elton Jhon, Fredy Mercuri, Juan Gabriel, talentosos y sin necesidad de hacer estas mamarrachadas 🤣",0
Pilar mira cachetona 😁,2
Sus cachetes de Meliza 🤣🤣,0
Falta un clavado de bomba 😁,2
¿Cuánto costó la fastuosa fiesta infantil de la hijita de Pedro Castillo en Palacio? Una nueva noticia bomba 🤣🤣🤣🤣🤣,0
Liane Salazar tenemos que ir sí o sí a la tierra de Cecii Elena 😍,2
Gonzalo esta bomba csm 🤣🤣🤣🤣🤣🤣,0
"Ojo por ojo, cacho x cacho 🤣🤣🤣",0
A la base que nadie active la bomba(half - life) 🤣🤣🤣,2
Tmr lapadula un europeo agarra de Lorna a un peruano latino 🤦🏻🤦🏻🤦🏻,0
Beto Ortiz (Oficial) un montón de lornas compartiendo este video pero tu acaso lo no estás haciendo  🤦‍♂️,0
"Tiene un año con ella , pero ella recién lo conoce 😂🤣🤣 .. ella tiene su pareja. No es por halagarte Mayimbu , pero eres un iiinveeeciill .. La chica estaba pescando y agarró buena "" Lorna "" .. 🤣🤣🤣",0
Maria Elena Mejia Morales ya que tú no puedes cuando quieras me etiquetas jajajajaja 🤣🤣🤣,1
El vino de Santa Elena muy bueno.  Bueno el video hay lugares q me falta visitar 😉 hay muchísimos más en Tacna.   Creo q iré por esa h amburquesa de cordero.,2
Aprovecho sus oportunidades lo máximo el cachete⚽️⚽️⚽️,2
Brunella Fajardo Linda Soledad Camila Heredia Ramirez el 2? 🤪,1
"Denisse Fajardo sere millonaria, bueno creo que tu ajajajaja😭",0
Jesil Fajardo  vamos!!! 😋😋😋,2
"Bastian Fajardo ""ya no quiero nada ya!"" 😂",1
Marco Galvez Falla 😭😭😭😭😭😭😭,0
Asiii celebren cuando fallas el penal cueva pyso 😂,0
"Miluska canta hermoso ,no hay duda ,pero duela a quien le duela Mayra la cachetio,hasta a mí me dejó boca abierta ,canto bellísimo ...🖤",2
Le falta un cachetadon para q despierte 🤣🤣🤣,0
"te amo japo, eres tan increíble, se que parece que es solo porque me consientes mucho pero no 🙃 realmente lo creo, te ves tan bonita 😍 tus ojitos, y tus cachetitos y esa sonrisita que da vida",2
Que ricos cachetes toby Sobrao sale varias lonjas de jamon 🙊🙊🤭,0
Estas chulo cacheton 😍,2
Giovanna Podestá  Babeando ando di 😋😋‼️  Cachema encebollada 🍴👏,2
Se pandillera con esa facha Brunella😱🙄,0
"Alta facha sin la barba, vamoo Luciano 💪💪",2
Con esas fachas quien ni le va mirar 🤣🤣🤣🤣,0
Jajaja se botaron barturen y el pequeño hobbit 🤣,0
Todos no son iguales x q hay gente honrrada y trabajadora pero ya hace mucho les dañaron el caminao🇦🇲,1
"Fabrizzio Salvatore es increíble cómo hay gente que defiende a los reos 🤦🏻‍♀️ que manifiesta que el estado debe ayudarlos y darles prioridad, no puede ser así. Hay gente libre que son vulnerables y ellos de verdad necesitan apoyo, los reos dañaron gente y cuando cumplen su condena y son puestos a libertar de nuevo vuelven a delinquir, el Perú ya no debe tener más delincuencia. Basta de darnos pena gente sin escrúpulos 🤷🏻‍♀️",0
"Tony rosado es un buen cantante.  Típico a su estilo y a la gente le gusta.  Algunas chicas desfilan en discotecas en prendas muy diminutas y normal, es parte de su trabajo... y aquí hasta quieren dañar la imagen de Tony... Mejor q la ministra se mire en un espejo y vea la corrupción en la q está, eso sí es indignante 🇵🇪",0
Satanico asqueroso 🤢 que no les importa nuestra generación joven solo le interesa vender su alma al diablo y dañar a la gente,0
"Ohhh si se le ve tan malitaa, porq será que algunos de las cruas tengan ese problemita🤔🤔 el mio fue talvez peor le patearon y le dañaron el ojito y su carita su piernita le piso un carro y llego colgando su piernita ahora ah pasado mas de 4 años y Cato machito es un bello Gatoo Domestico solo croquetas mas no comida cruda y buen cazador más no lo come y es el Engreido de casa",1
Ese Carlos cacho la cagdaaaa🤣🤣🤣,0
Entonces que te caché pe ctmre🤣😂😅,0
"B días Hay que respetar Opiniones,yo jamás he escuchado que Daniela se Revienta Cuetes ,como la Sra que vociforea que ella es la única Sonera😚más Humildad Sra",0
Jajajajajaja Patty Cusma la ca... nción!!! 🤣🤣🤣,0
"Diego Cusma, Diego Vera Sáenz  amigos del bono pues aunq sea pa los utiles😬👍💵",0
"Venimos a esta vida a SER felices, sin hacernos daño, ni dañar a terceros; no venimos a HACER FELICES  a los demás... 😉",2
QUE BUENA CACHO JAJAJAJAJA 🤣,2
oe y si mejor me las cacho a sus mamas ? a ver si no salen como ustedes especiales 😂😂👽,0
Los míos también  una es la hija de mi garito macho .y es muy linda le pusimos Katy  y mis niños terminaron diciéndole Katy jara 😁😁le gusta bailar ...y si adopten no compren..,1
De ley le pone los cachos 🧐,0
Jajajajajajajaja 😅 así lloraste cuando te ponieron los cachos robotin😂😂🤣🤣🤣,0
MAYRAAAAAA!!!!!!!tiene k ser ella la artista del año sino seria una trafa 😁😁😁😉😉😉,0
"Bien, Beto. Has mostrado coraje de esas falsas acusaciones de esta roja, que quería dañar tu buen prestigio. Diste muestra de ecuanimidad y nunca perdiste los papeles, por lo que tu invitada tuvo que irse de tu inmaculado set. Sigue informando mentiras y burlándote de la gente. Ah..y rectificate cuando a ti se te la gana, que eso hacen los buenos periodistas 😆",0
"Felicidades, así el turismo sin dañar a ningún elemento del sistema turístico. ♥️🤚🤗",2
Tranquilo cachorro 🐕 esto recién empieza vamos  a ver cómo sigues los demás partidos 🦫🦫🦫,0
Yo necesito un par de esos cuchillos urgente 🤩🤩🤩🤩,2
Caticita Sotelo Servan busca el ahorro y Menkelly Espinar Espinoza busca los colores taaa cuaaaaal ! Y mi cuchi.. Gino Sugobono Degregori... fuma su puchito y espera generosamente 😂😂😂,1
"Las madres estamos para ser fuertes en los momentos más crudos  ,tragarnos las lágrimas y llorar en otro momento ..""solasss.."".Así enseñamos a nuestros hijos a enfrentar la Vida en las formas que sea...No se acaba el mundo. Y mucho menos por un Hombre . 💪💪❤",2
Yo veo pescau crudo 😣😣no se lo deja reposando ????,0
El pescado queda crudo 😐?,0
Ceviche pescado crudo 😷,0
Me gusta mas el ceviche ecuatoriano... Lo siento ese.pescado crudo no me lo como 😷,0
"Ay no, el pescado crudo? Nada que ver, por lo demás se ve rico. Saludos a los que gusten de este hermoso plato 😋😋",0
Osmani Piers Cuerojas gordo mira 😫😫,0
Tranquiiiiiiilo cuero!!! 😅,2
Liceth Lopez provecho con ese cuero jajaja que lindo video 😄,2
Que cuero! 😱😳 Y encima viajero :).. gracias por los tips!,2
Eres un cuero 😍😍😍😍😍😍,2
Donna Doig no se que está más bueno si la comida o el cuero ese 😂,2
Váleri Contreras Cuerote😱,2
Que bueno..ahorita mismo me suscribo 😍 👏💪.. el más cuero de la cocina peruana 😘✌️,2
Jajajaja Renzo Reggiardo ¿Toy cuero? Y Lucianita León Aggg!!!  Que buen guión csm!!! 🎥🔥,2
Las casacas de cuero 😍😍😍,2
Estemede Mayre Cuete jajajajajajaja no supero esto que carcajada Beto es único. La otra es una atrofiada falta de conocimiento. Mayra Cuoto que idiota para imponer ése lenguaje🤮,0
Estemede meyre cuete vener e cheperme me vergue 🤣🤣🤣🤣 Ponte a studiar y no querer implantar tu estúpides a un gobierno aún más estúpido k tu,0
"Hahaha,este beto me hace reír 😂😂😂 estimede meyre cuete!!! 😂😂😂😂😂",0
Aracely tu q opinas?? Macarena necesita esa casaca de cuero con piel verdad?? 😉,1
Lisset para las nenas ! 😍😍 con la casaquita de cuero se ven hermosas !!!,2
"Sigo esperando el regreso de las personas iconicas que salieron en el vídeo reencontrandose con Henry Spencer en la calle, por el poder de la cuchilla emo será 💀🥀",1
SIEMPRE COPIANDO ALA CUCHITO ARMY😒😒😒😒😒😒,0
"Jajaja estoy leyendo estos comentarios sentado en un sillón de cuero genuino valorizado en 3 500 dólares, q esta sobre una alfombra tipo persa valorizada en 4000 dólares, frente a mi un televisor de 75 pulgadas OLED q cuesta 35000 soles, y mis pies están apoyados en una mesita de centro de mármol de unos 2000 dolares, y ya no les cuento que más tengo a mi alrededor porque los trabajadores de Ripley me están mirando feo, creo q quieren me me levante y ya me vaya 😅😅😅😅",2
Xio QR tmr cuchi 🤣🤣🤣,0
Esto si quiero Daniel Machado yummy!! 🙌,2
Frida Ramirez Diana Bon nosotras antes de entrar a clases comiendo burritos de machaca😂,2
"Mayra Machado : "" ya no quiero nada, ya"" 😂😂😂😂",1
Jajajajajajaja Jordan Machay Guerrero 😄,2
Deliciosa sarza de machas 😋😋😋😋😋,2
Ismael Nuñez Machacaa Conde Nuñez Yuri Filberr 💪 Modo sele.,2
"Así saques un coche bomba, una camión bomba, un barco bomba, por la weba es Betofilo 😁",0
"En las puertas de ""esos"" restaurantes van a poner las bombas? jajaja 🤡🤡🤡",0
Jessica Machado Irina Medvedyeva cuando se quedaban a dormir jajajaja 😂😂 De que llego a Rupac llego,1
Keyko Fujimori te saco con. Su audio Bomba 🐀👈,0
Que buen audio bomba 🤣🤣🤣🤣😅😅😅😅,2
Creo. Que son. Uds 😂 y bueno la del. Costado yo 😅 Elizabeth Valdivia Machaca YaIr Olayunca Anco,2
Eloy Cortes Macho 😒💔,0
"😆😆😆😆😆me encanta la cara que pone el tipo cada vez que prueba un bocado, me haces provocarrrr macho 😃😃😃😋😋😋😋",2
Noe es el nombre del macho q no olvida weon estás sobrando 🤣,0
"Ya no serán 11 machos, ahora serán 10 ... Ptmre 🤦",0
Y dónde está el maleante de zambrano? En el campo no más se hace el macho 😆,0
Eder mira este si es un macho alfa 😂 Daniela MeLii,2
"Desde Chile los sigo con mucho gusto!!! Amo el equipazo que son ❤ tuvimos la oportunidad de ir a Perú antes de la pandemia y en un tour de regreso a Lima nos mostraron una película en la que ustedes aparecen brevemente ""11 machos"" y llegando a Chile vimos ""si, mi amor"" los amo y me encanta la familia que son 👏🏻👏🏻👏🏻",2
Vengan a Ecuador🤩🤩🤩👏Las Islas Galápagos (Islas Tortugas) La catedral de Quito El Parque Nacional Machalilla Playa Salinas Centro histórico de Quito El obelisco de La Mitad del Mundo Baños de Agua Santa El volcán Tungurahua Playa Montañita Puyo  Guayaquil el malecón 200,2
Marina Chambi Machaca 😍😍,2
"Jefa, como está Blackmoon 🐺 no lo veo hace tiempo como está ese Guapo y divertido Cachorro 🐺💟💟💟💟💟",2
Adriana Trujillo Cacho ♥️,2
Son hermosos tus cachorritos; eso dice mucho de ti 👏🌹🌹; Eres una gran persona. 💞🌹🌹,2
Jajajaja tmr son unos desagraciados🤣🤣 encima cobraron 50 dólares por ir a botar esos volantes 🤣🤣🤣,2
😭😭😭😭😭😭😭  Porq botaron por el lápiz ptm,0
Como sera esa flaca en una entrevista d trabajo? 🤣otro contestará x ella. XD,0
"Mi flaca linda, siempre activa, te quiero Bendiciones 💕🇵🇪",2
a laura bozzo se le sale la lleca 😂😂😂😂😂,2
"Nooo tobi tu no eres pobre, te van a botar 👀",1
La generación equivocada va a botar espuma por la boca 🤭,0
YA LA BOTARON !!!!!!!😅😅😅😅😅😅😅😅,0
Pobre * al momento de salir eso botara fuego 😱😱🥴😳🤢,0
El sombrero de la flaca gaaa 😂,2
ig de la flaca? es para un test 👀,1
Israel Lava tú eres la flaca que hace puchero 😂,0
¿Y habrá lanzado también ese celular después de grabar? 😂,0
Elvis VIllak Lopez q fue tu madrina lo va a lanzar 🥶,0
Karen Muñoz se pasó de lanza 🤣🤣,0
No sabía que se estaba lanzando para cantante 😑😑😑😑,0
"Soy fanática #1 de tus videos, me encanta viajar mis fieles compañeras son mi madre y mi hija. Me encanta tu página veo todos tus videos. Deberías lanzar un concurso y la o el ganador viaja contigo😂",2
Porque está sentada la flaca 🤔,1
Con 🤭 razon flaca se ve que hay gusto por la goma jajajaja Nairim Serolf ,0
"Pues le hallo la razón a Benito; o era botarle el celular, o partirle la cara a la fan. Ni modos 🤷‍♂️ sin embargo te amamos Benito...Camelas 🤩",2
😂😂😂😂😂falso de toda falsedad ; deje de desinformar ? . QUE AFÁN,0
"🔴 🔴 PEDRO CASTILLO ES DENUNCIADO POR OMISIÓN Y FALSEADAD ANTE EL MINISTERIO PÚBLICO ‼️  El farsante de Castillo les hace creer a los rojitos tarados que es pobre.   El periodista César Vignolo, ha hecho pública su denuncia ante el Ministerio Público contra Pedro Castillo por falsedad en su hoja de vida.  De acuerdo a la Hoja de Vida y Declaración Jurada presentada ante el Jurado Nacional de Elecciones (JNE) en el ítem “Experiencia Laboral”, solo figura como “docente” desde 1995 en la “I.E. 104565, Puña, Tacabamba, Chota”, además solo aparece su “Ingreso” como “Docente”, equivalente a S/. 63,323.64.  Sin embargo, ingresando a la Superintendencia Nacional de Administración Tributaria (SUNAT) aparece que desde el 3 de julio del 2017 es representante legal, léase Gerente General del Consorcio Chotano de Inversionistas Emprendedores JOP S.A.C. de acuerdo al Registro Único de Contribuyente (RUC) 20602501184 dedicada a la “Construcción de Edificios”.  De acuerdo a información oficial tiene un préstamo de 30 mil soles con el Banco de la Nación (BN) y movimientos bancarios por más de medio millón de soles.  Fuente: Periodista César Vignolo / Diario Expreso",0
Mentira  su  propio  falsedad  está  girando  en  todo  el  mundo 🌎   la  dama de  hierro  de  los  cuellos  blanco,0
Que mi... da es esto  cachaskan🤣🤣🤣,0
Hillary Aráoz Sotomayor  si no hay carro hay triciclo 😁,2
"Johana Membrillo Ramirez Tricia Vilca Ramirez Nora Roxana Belen Angela Crispín Solórzano Mery Melendez M Participen chicas para los peques!!!  El premio seis para mi hijito mathias, cumple 2 años el 22 de junio 😁",2
"Nos vamos a la trica jajajaja, csm 😂😂😂",2
Kristell Benites nuestra trica 🤣🤣🤣,2
ALIANZA SERA TRICAMPEON KTM💙🤍💙,2
Natalia así te are Jajaja con mi triciclo😂😂,2
Javier Ferro vamos 🚘,2
Podría vender limones o naranja🍊huando solo le falta su triciclo con esa súper voz que tiene,0
para el lado de Trocadero no es tan asi 😁,1
"Alexis Valderrama Piero Delgado Rizo-Patron Christian Lopez Isidro 😂😂😂 ""me voy a la trica""",2
Cuesta Serena... Casa Andina... tas ficho colorao 😂 más prueba al viaja,2
Erick es d ella U y lo dice por qué sabe que la U ya fue! Lo siento Erick será alianza el tricampeón! 😁,0
Moises Delpiero Fernandez Cachay tuya Wendy a secas👍,1
Yorka Falla oe ctmr educa a tu 😂😂😂😂,0
Sonia Garcés falla x 1000 🙄,0
Luisito nunca me cayó bien. 😎 hasta ahora no  falla mi sexto sentido. 😎,0
Shirley Falla Castro creo que si vamos huebona! 💜,2
🐤🐣🐣🐣🐣🐤🐤🐤 pi pi pi pi pi Libertad me fallaste 🐥🐤🐣🐤🐥🐥🐤🐣🐣🤣🤣🤣,0
Los que botaron por el asno la entienden perfectamente😁,0
La firme no das ni risa 😂,0
"Johana c/tembladera😆 y en piso firme!!. Maria Pía más estético, segura, firme.",2
Le dio miedo las agujas 😅,0
"Siii queremos ver como te meten esa aguja, y ver tu cara mientras te la ponen 🤣🤣🤣",2
José Carlos Alberto Delcastillo no se quien es la flaca 😂,1
Ese es como tunas juanrrechere Juan Chiroque Capuñay🤣🤣🤣🤣🤣,2
Estos ya se pasaron de turrones ... Ya la gente están demasiado turrys 😂😂😂,0
GONZALO HAS AQUI HUELE TU TURRON. SALUD SALUD  🍺🍺🍺🍺🍺🍺🍺🍺,0
Rolando Cisneros turroncito rico 🐷,1
Eres una trome 👏🏻💪🏻🇵🇪,2
Valentina Rosales y yo que a puras cachas me saco 5 onzas 🙈,0
Osores  cachadito no sabe nada de 😛⚽️⚽️,0
Lo máximo me reí 😂 🤣 eres una trome Yidda Eslava,2
Eres un trome Christian 👍👏👏🙋‍♀️,2
Laura es una trome para armar pleitos..😱😱🤪🤪,0
"Me encantó, unos tromes 👏🏻👏🏻👏🏻👏🏻",2
"jajajaja , me encanto , eres una trome 🤭🤭",2
"Espero tener una novia japonesa, si save hablar espanol seria mejor. 😁👍",2
"⚠️⚠️ ESAS COMPARACIONES NO VAN, KATY PERRY ESTÁ EN UN NIVEL SUPERIOR DE HUMILDAD Y EMPATÍA CON SUS FANS, del otro ni hablar",0
Y tuuu... Si tuu la q esta q habla... Por q no hecs cn nata.. 🤨? ,0
Hay burros que todavía no entienden 🤦🏻‍♀️ aún viendo las burradas del prosor,0
Con semejante cosa creo que burro 🤣🤣🤣🤣🤣,0
Ni hablar saben y como buenasos 🤣,0
Y porque no hablas  de Chile 🇨🇱 Donde la primera presidente en ese país fue SOCIALISTA y no pasó nada .. Chile es una potencia económica en el Cono Sur y no todo es malo y no DESINFORMES con ejemplos tan básicos como de Cuba y Venezuela que son regímenes totalitarios.!,0
Fiorela Huaco estas anotando no? 🤭,1
Pareces un huaco 😂😂.,0
Ahora eres noticiero? Pensé que solo Hablab4s Web4das 🤣,0
Hugo David Choque H  ahí está tu tonto Pedro castillo. Palabra de maestro burro 😂😂😂😂,0
Cuál burro si es 🦬🦌🐃🐏🐐,0
Alas finales golpe de estado  resto a un general q aun burro y q  nos gobiernen los terroristas y q la csmarada wilma salga de ministra de mujer  😒  xq explicarles ya alos lapiz es x gusto q salgan los militares,0
Eso estaba crudo 😣😣😣,0
Ni hacerles caso a tanta gente envidiosa 😄mejor haz como el elefante y sigue pa'lante 🤩,2
"Feliz cumpleaños para el mejor entrenador que llegó a nuestro querido Perú, para darnos tantas alegrías,es usted grande,muchas felicidades🎉🎉🎉🎉",2
A quién se le ocurre tantas formas de matar??!!🤔😅,0
Q envidiiiaaa d donde saca tanta lechee ... ya quisieraa 😭😭😭😭 Flor Obregon Lizeth Rivera Muro Shirley Acharte  Cinthia Almeyda,0
"Mmm suave Beto te metes con ellos te metes con el pueblo, ya saben tu dirección 🤭",0
"Axel Arqueros Alvarado no mames,  aquí eso es lo más suave que te pueden decir 🤣😐",2
"Veremos q sucede, nada de entrevista suave, directo a la herida.😉",0
El dorado !! Elvive Oleo Extraordinario deja mi cabello suave y brillante ☺!!,2
Eres linda hermosa tus palabras son suaves como un ala de ave 💖⚘💝💖⚘⚘💝💖⚘⚘💝💖⚘💝💝,2
"Sus mala palabras muy suaves en Japón,  que dirán de latinoamerica .....😂😂",0
Este video es súper super viejo y averiguen fuentes del lugar 😏😏😉😉😉😉 de tarea,0
"Falso hablo de richard acuña, y el ampay 🤔 🤔 🤔 🤔 🤔 🤔 🤔 🤔 🤔 🤔",0
Uff sorry tobi se me antojaron unas Doré 😅✌🏼,1
"👋🏼 👋🏼 👋🏼 Gracias por la información. Si vives en provincia, puedes sacarlo en provincia o debes venir a lima para el trámite? Gracias 🌹 ♥ Sorry si la pregunta es básica, la verdad no tenemos idea Diana Zeta",1
Koala yo jajaja noo nada que ver  jajajaj  !!! Y siempre lo hago jajaja sorry amor 😂😂😂😂😂,2
Pff señorita periodista ese cuento a otro viejo no todos los PERUANOS somos tontos para creerle 😅🤣😂,0
Martin Huaroto Auris Elvis U Stone Sjl Siiii sooon 🤣🤣,2
"Led Zeppelin, korn, Metallica, Alice in chains, muse, pearl Jam, stone Temple pilot, rhcp, jamiroquai, greta van fleet, Chris Cornell, audioslave, acdc, Primus... Etc 🤘🤘🤘",2
Rayza Toledo Gilgrados Mirtha Kelly Powosino Sasiga Daniel Ninio Stone -Me la quiero ganar con el simple hecho de ir a pinchanguear con la gente de mi barrio y vean de la supertecnologia con el buen diseño de este balón ⚽ #CopaAméricaBrasil 🇧🇷 🏆 #ArribaPerú 🇵🇪,2
Jajajaja ptmr que risa con la agraria ellos van a la U bien stoneados🤣🤣,2
Jaaaa 😂😂😂 Zuz Vr 😂😂 sorry amiga me dio risa este reportaje 😂😂😂,2
Hay sorry lo Pu..no se te quita y menos se te queda en la garganta la 💩 tu xq eres adulta p saber q hacer y q no así q es fácil echar la culpa a los demás..a otro perro c ese hueso,0
"Esa también soy YO 🤗,ahora no.lo veo xq pierden cada vez que lo hago 🤭🤭🤭. Sorry pero soy bien poncha globos.",0
Es triste que aya tanta gente irresponsable que no puede pensar un poco antes de llenarse de hijos.. 🤦‍♀️😔,0
Siii !! Hermoso paisaje!!! Lima aburre con tanta gente!!🤗,2
"Lo ideal es que una se sienta bien, el resto al tacho👍",2
Jajajaja y la pobre maquillandose horas para que en 2 segundos se vaya al tacho 🤣,2
"Grande Sofía...tu eres nuestra campeona mundial y emblema de pundonor, amor,y hidalguía  esos malos y anti peruanos dirigentes...que se vayan al tacho...solo están en la palestra cuando ganas y llevas al podio al Perú...pero cuando te deben apoyar,  ayudar y darte tu cupo ganado bien ...te dan la espalda...estas en tu derecho que te respeten y pidan disculpas públicamente...mínimo...un abrazo fuerte y mucha suerte...CAMPEONA MUNDIAL...NUESTRS REINA SOFÍA 😘🇵🇪",2
Ya salió el Ampay o nada🤨,0
"Silvia esa eres tu con tu ""Aquisito no mas"" cuando fuimos al Santuario Nacional del Ampay. Y Pensar que desde aquella fecha no regrese nunca más, fue una bonita experiencia 🙃 jajaja ",1
Maria Fe Granados Miñano (Angie) Makarena Tajara (María Pia) IGUALITASSSSSSSS🤣🤣🤣🤣🤣,2
Reginaldo Reategui Oliveira  12 años entrenamiento al tacho 🙈🙉,0
"Si Uchulu no estaría en el Artista del Año, este programa se iría al tacho.😁😁",0
"No hay quimica y ese cubano cree que es salsa lo q esta cantando!! Wacala!! Esta pal tacho este duo!! 😲 el q le guste esta interpretacion no tiene oido musical, ellos cantan individualmente, no hay tecnica!! Todo armany 😂",0
"Uhmmmm... Que rico Tamal Chinchano y con esa música negra de fondo, biennnn❤❤❤❤",2
Gloria Esal Enrique Marley tamalitoooo chinchanooooo 😭,2
"Juan Pablo Martínez Vasquez ya pueees. Un tamal aunque sea, hazte uniiita. 😁",2
"Amor Jorge Luis mira sale el chinito justo lo q comimos ayer, otra vez se me antojó el tamalito 🙈",2
"Camille Vergara Cavero la primera, cuando te hacia ir para que apagues la luz o me alcances mis lapiceros o el control 😓😥 miss you... Solo para eso jejeje mentira",1
"Jajajajaja Mox si estás jugando fútbol no puedes beber agua, solamente puedes humedecer la boca para refrescar o mantener el agua un instante para combatir la resequedad pero si bebes agua estás frito en el juego 😂",2
Todos esperábamos que preguntes a cachin donde esta Tarron ??🤷‍♂️,0
Yo compro la gelatina de sobre Negrita de 150 gr! Cuántos tarros de leche sería ahí?🙏,1
Recuerdo que participe en su programa del tarro de leche 😁🤭quede empate🤭😁,2
Pucha ya estoy vieja desde que era pequeña me  acuerdo veo tu programa.😂 buena idea a seguir adelante,2
Otro marrano 🐷 recuerda cuando le agarraron las nalgas a tu vieja luisito cómo estabas llorando a ver qué le hubieran hecho eso a tu vieja en realidad si están mal primero no saben cómo llegar al público y después de lograrlo no saben cómo huir de ella qué lástima,0
Todo perfecto. Excelente. Excepto comer con cuchara!!! No puedo. Agarro el plato y terminar la leche de tigre como beber jugo no más 😁😁,2
"Para mí el estilo juego de Ormeño no encaja en la selección, pero el Tigre Gareca sabe lo que hace. #ArribaPerú 🇵🇪",2
Ese tigre si tiene estómago 😄😄😄😄,2
Genial un tema que hizo temblar la industria de la música .... inspirado en nada menos que en una de las leyendas del fútbol 👀el puma Carranza y el salto del tigre 🐯🤣🤣🤣🤣,2
"Morro  tinca, lo llamamos en Rocchac - Huancavelica 🏆",1
"Yo era una experta tincando 🥺 tenía mi botella llena de porotos que les decíamos ""Vaca lechera"" eran unas bonitas y las más caras. Que buenos tiempos 🤍",2
Gimena Alejandra' jajaj me tinca que tu eres así xd  😂,2
"Gracias!! mi suegra no recordaba bien esta receta, es de Chincha y siempre nos contaba de este plato. Me imaginaba una combinación rara pero se ve buenisima! Ahora le haré recordar 💙",2
🍕+🍼 ay no q horror de combinación 😱😱,0
Vuelve y dilo aquí...ten las agallas (los héroes no huyen).....aunque sea has😆😆 como Combina que regresó con el rabo entre las piernas...,0
"Jajaja como Pía ninguna eres única, los q habkan esran ociosos...sigue así mi COMBATIENTE favorita🥰",2
"En estos momentos acabo de escuchar a la ministra decir que ya se habían escuchado rumores que esta desgracia iba a suceder...y que lamentablemente no han podido hacer nada por que no pueden estar en todos lados...mi interrogante es Y QUE HACIAN EN ESE MOMENTO ????   Cuidando a los partidos políticos en su mítines o poniendo papeletas en lima ...o combatiendo la delincuencia....?????? Que por cierto reina el.peru ...no se cómo la defienden. Enserio....bueno..SIEMPRE HAY PRIORIDADES ....o quizás están en otra investigacion mucho más importante que las matanzas...QUE ES MAS IMPORTANTE ES ESTA DESGRACIA ..CUAL ES EL CASO EN EL QUE ELLOS ESTAN TAN INTERESADOS?????solo Dios lo sabe y lo echo, echo está lamentable 😞",0
Tanu Merino el salto del tigre😂😂😂,2
Lo maximo !! 🐽🐽Ya ves Oscar Gárate Velázquez aprende a combinar 🤣,2
No se porque a la mayoría les gusta esa combinación.... 😶,1
Hasta la tigresa del oriente lo haría mejor 🤣😅😅,0
"La vida es una guerra, una lucha un combate. 👍Bien señor Jorge. 👍🙃",2
"Cantas muy lindo, que llegues muy lejos y que el éxito te siga, pero no te vayas a marear con tantas, felidades💐💐💐💐",2
Yeeral Cardona Dzib jajajajaja no se porque me da tanta gracias sus vídeos 😂😂😂😂,2
Ridícula igual que su vieja 😂😂😂🤭,0
Esta vieja esta x su 🐀,0
Pero cuando le violentaron a su vieja una llorona tenía! En fin la hipocresía! 😂😅,0
🤣🤣Pero si la vieja avinagrada pareces tú todos los días... 🤭,0
ya que metes el fútbol es igual como confiar en cueva otra vez para patear un penal.  ( da miedo ) Ni cagando .... señora keiko ya fue . ahh pdt  beto olla vieja .. saludos paisas  🇵🇪,0
"Que amargada la tía esa que no dejó grabar, pobre su vida, iría hasta Camaná solo para decirle ""tu eres la vieja amargada que salió en el reportaje de Henry Spencer, no?"" 😛",0
Leidy cuando seamos viejas 🤣🤣🤣🤣,2
Callate vieja loca estas de Abre🍌🍌🍌🍌,0
Cuando no me gusta la comida Comparto con todo el mundo  “La vieja confiable” 🤣🤣🤣,2
Me perdonan pero yo viendo las personas que la llaman vieja fea y ridícula 🤣🤣 disculpen,0
Llora llora chivolin.....😭😭😭😭,0
Yara esos chivolos ni pelear saben Yo de un tiro le volaba la geta👊,0
Jajaja ese chivo risas 🤣,0
Luis Sandoval Contoguris el chivo 😂😂😂,2
Hermoso León y sí chocolate caliente 😍,2
Uyyyyy q ricooo Chocolate tan rico como Tú 💋💋,2
Andrea Echeandía Vargas pero con chocolate dulce 😜,2
"Dios mío!! No puedo esperar estar en Trujillo para ir a probar, que rico todo sobre todo el shambar, la chita y esos dulces! Esa hamburguesería está en una esquina cierto? Te pasaste Luciano! Llévame en tus viajes, puedo cargar cosas jajaja😭💔",2
Hablen de resultados positivos cómo lo que hizo Melgar. Lo demás es puro cuento de los chivos del 8 🤣🤣🤣🤣🤣🤣🤣🤣🤣🤣🤣🤣🤣🤣,0
Bien chivo risas 🫠😹😹😹,0
Con 25 viajeros que no conoces! Pero al terminar reciviendo el chivo de 25 posibles padres de tu bendicion.!!!!jaja😅😅😅🤣🤣,0
MeGan HB 😅😅 ven al cumpleaños de mi Chipiripi,1
Kevin Antuan y Raul Antonio Paredes Baldan pa eso chipichay 🤣🤣🤣🤣,2
"Tomate Barraza..tomate Barraza.. tomate Barraza.... me suena ese nombre 🤔🤔🤔🤔🤔🤔 ahhh si, no es el que es chipi 🤣🤣🤣🤣",0
🤣🤣🤣🤣 estés chipis dan risa,0
La banda tocaba al ritmo de la mecha 🤣🤣🤣,2
Mercado Central Chiclayo... desayuno (Carne Mechada) ya no almuerzo ni ceno...😬👍🏽,2
¡Jajajajajaja! La flauta rota de Naruto cuando le van a buscar mecha a Gregorio 😂😂,2
En Honduras  no tenemos  tecnología  pero si  tenemos la  mecha larga  y donde pasamos hay fuego  🔥  puro,2
Linda MeLlu Liizbeth Mechan Lluen cuando pase me tienen que enseñenar todito😍,2
"Vizcarra está subiendo en las encuestas gracias a la propaganda que le hacen 😂 va a salir trasquilada pues en ese tiempo nadie apostaba por esa vacuna ahora sí se jalan las mechas ,quien los entiende",0
Esas mechas que veíamos a la salida..omg 😪 Ale Bre,0
Arroz con puré y pollito mechadito ... Tu plato favorito 😋,2
Cambio por guano de isla pe turri chivo insultas a la prensa mermelada y tu publicando webas 🤣🤣🤣,0
Ese tia susy... chivolero..😁,0
Hola Chivo Risas... Saludos desde mi querido ilave...🤝🤝🤝,2
Aldair Borda Salas chola... Todo pasa en la disco 😂😂😂,0
Somooooos chola Sheyla Chavez 💃💃💃💃💕,2
Es@ Luciana le gusta ponerse los zapatos de la chola Chabuca 😅,0
Una chola. Power.    Todo terreno. ♥️♥️😍😍     Linda #yidda,2
"Magali Acuña!!! Colín quiere ir a la chocolatería San Guines, 2 stop después de salir del mercado San Miguel😋😋😋",1
Ceci lo máximo que viva la leche chocolatada 🤣🤣🤣🤣🤣🤣🤣🤣,2
"Laura, chola tu Ayacucho, algún día lo visitare 😁🤤 se ve allá se come bn 😮",2
Yuliana Izaguirre Zapata  uno así chola 🤩🤩🤩,2
"ES UNA COMPLETA BURLA. AL MISMO ESTILO DE LA CHOLA JACINTA. BETO, ERES UNA  💩. CADA VEZ ME REAFIRMO MÁS EN ESO.",0
El ahorro es progreso chola!!! 💪😆,2
Ana Paula que hacemos ahi CHOLAAAAA ❤,2
Anyhelo Vasquez Mi abuelita la Wally. 🤤🤤 Anotada la torta de chocolate para la prox visita 😍,2
bn cuevitaaa arto chocolateeee🍫🍫🍫🍻🍻🍻,2
Helado de vainilla con chocolate ♥,2
Deborah una vez me dijeron cuando compré una que era un chocolate especial que era de color rojo 🙈 ... gracias jenni por desengañarme,2
Crecieron los músculos y se achico el otro músculo jajaja ( par d chipis)😂😂😂,0
Saludos chino de Julito el dulce 😂😂,2
Saludos chino pala jente de pte piedra city🤪🤪😎,2
"Mi Huancayo ♥️ con sus espectaculares caldos, caldo de cabeza de cordero parte lengua ummm riquísimo 😋",2
El caldo vacan!!! Pero prestarse para la cochinada y en familia 🤣🤣🤣... Por eso estamos donde estamos,0
En realidad es caldo Oh espaguetis🤣🤣🤣,0
Que fue Johan Rs  te dicen lord chipil🤣,0
Esa patita de fideo ❤❤❤ aunque si esta muy pequeña tomas mas caldo jape estas muy flaquit unu,2
Hola chinoooo saludos de vitarte 😅,2
"Da de risa está llamada ""periodista"", más sobona es😅🤭",0
Complaciente y sobona la entrevista.  🙄,0
Entre sobones se entrevistan 🥱🥱🥱🥱🥱🥱🥱🥱,0
Luis Almada Nathy Moreno como la tnes registrada ch socio🐶🐶🐶😁😁😁,0
"Lo que no se enteran es que están siendo parte de un estudio psicológico, sociológico y económico 😂",2
Mabel Martel Pedro Aguado Modesta Mtl   Alaska Martel   ptmr para cagarme de risa 🤣,2
Alex Prime  Cochon d'Inde 😏😋,0
Adrian torta de cocholate!!!😂❤,2
Ya tan cochos..... Ya no tengo el mismo interés 😕,0
Kiero cojer una japonesa 😁,0
Ala mi king te cagaron 💩 literal,0
Tobi y Tobi del universo 7 hablen de Aramu Muru y el disco solar Inca 👽,1
Nickole Parrales Emily Rezabala Leones Marilyn Fernández Solarte Luis Felipe Zambrano Juleisy Chavez Espinoza 😂,2
Maria Lavalle Solari🤣🤣🤣🤣🤣,2
Mauricio Del Solar amorchis yo quiero😍,2
Grosero  este voz de  motor viejo  🙄 😐,0
Todo de el cholomena 😪,0
Deberias hacer lives mas seguidos cholo ✌🔥,2
Alejandro Benavente cholo te acuerdas del monstrito de la Dolores para la bajona...🥺🤣,2
Xiomara Leon Chuzon 😂😂😂,2
Ya tengo la moto falta el chuzo y mi primer robo q nervios 😅,0
Wilder Acosta Chuzon😎,0
Jaaa un partido en la copa 😂😂😂😂😂😂😂😂😂😂que ser triste cagón segundo,0
cecy siempre tengo pañitos de clorox en la cartera para limpiar baños 🤣🤣🤣🤣🤣,2
Yaninna Conhy recuerdas?? Para cagarse de risa🤣🤣🤣🤣,2
Pasame el clorox 🥲🥲🥲 demasiado sad eso termino haciendo otro hermanito mínimo 🤔,0
Yasselin Córdova escucha esa parte.....tombo cagón......🤭🤭🤭🤭🤭🤭🤭🤭🤭🤭,0
Chino un saludo enorme desde bolivia 🇧🇴 Cochabamba,2
Karen Cumpa Rivera jaajaajaajjaajaaja! Aparte de hacerme cagar de risa sale mi novio 💙,2
Airton Cochachi JJAJAJAJAJAJJAJAJAJAJAJAJA 🤔🤔🤔,2
Diego Cochachin Jimenez  me acordé de ti 😂😂,2
Cuanta nostalgia me da ver a mi hermosa pimienta cocha! ya son casi 7 años! 🥺 Que hermosa que esta! 😍,2
Pucallpa... Perú 🇵🇪 de yarina su cocha 😁😁,0
Javier Cochachin Rojas 👀👀👀,2
Junior choro no te lo robes!😂,0
"Salieran choros, ay corre con gusto 😅🤣😂",0
JAJAJJAJAJAAJJAAJJAJA pense lo mismo de dora cuando el alcalde dijo eso jajajaajaj Choro no te lo robeeees! jajaja buena mateito ♡,2
Llega un choro y se lleva!🤣,0
Jocelyn Chora Torres yo ayer 😸😹,2
Paolo Berrospi Torres jzjzjzjz choro no te lo robes 😂,0
"""mas fresca que este choro sonriendo el día de su captura"" 😂 #ILovePerú",2
Con y sin edición se ven muy chulas😩😩,2
Regia pía no cambies chula 🥰,2
Quien es este chulazo?😍,2
Es el perro de MOX.... Se llama Chula 🤣🤣🤣🤣🤣,2
Tan chulaaaa! 🥰🥰🥰 Felicidades,2
Omar Chumacero con su ciabattitaaaaa!!! 🥖 🤤,2
Diego Fernandez miraaa 😂 Nicoll Chumacero Yri  Nicoll Chumacero Yri  🫣,2
Jenny Espinoza el baile del mi chuki jajajaaja 😍,2
Feliz cumpleaños 🎊🎉🎁🎈🎂 hermosa y que bonita detalle de chuki plum bendiciones,2
Parese la novia de chuki jiji😁,0
Fabricio Ctz perfecto para nuestra chuki 😆,2
"Claro ya vi hasta los tiquetes, necesitamos el chisme completo porque parece ser que es más barato ir allá que a otros destinos que quería visitar. 🥰",2
"Por siempre Linkin Park, que genio es Tongo suena buenísimo 👏",2
"Valeria Corales, Brisa Nuñez, Rubi Vergaray, Ana Lucia este Halloween🔥😂",2
Está buena 🤣🤣🤭 Pierina Tongombol hermana me acordé 🤣🤣,2
Será la hija perdida de Tongo? 🤔,2
José Tongo Horna no te es un poco familiar? 😂😂😂😂,2
Lomas de lachay lindo lugar  donde el pequeño de cierto nos regala esa maravillosa oportunidad 🤗♥️ de ver todo ese verde,2
Ese Betortiz ahora casi todos se computan videntes... 🤣🤣🤣🤣,0
El no más pobres en un país rico era ciertoooo.... Pero solo para el asno con sombrero y toda su tracalada ... En fin gracias COJUDIGNOS 💩🐑🐑🐑🐏💩💩🐑🐏,0
La nueva moni pardo traca 😂,0
"El enano correlon infiel amenazando de destruir, con ese tallarin, esa voz de traca y encima con esa ""hombría"" infiel que corre a penas se ve descubierto. Ni una hormiga mata pues. Julio Guzmán estas en OTROS en las encuestas. 😜",0
"Tallarin Verde y Bistek Apanao...sufi...delicioso...la huancaina...? Que siga siendo una deliciosa entrada...mezclaos no....ademas mucho carbohidrato...dos salsas en un mismo plato..? No pz. No va,   is my very personal opinion.🍷🍄🍷🍺🍹",2
No seras traca no? Pides de caja en caja 😂😂😂😂'أربايزا' شيلا إميلي زيفالوس,0
Patricia Bravo Vergara Juan Carlos Meza Guillermo Torres con descuento☝🏼 vamos!,2
"Que trafa este video salió hace meses atrás , no entiendo que ganan haciendo esto 🤦🤦🤦🤦",0
Nicola no compuso canciones como el Albacete pero baila y canta maravilloso para Wendy 😍😍😍,2
"Pobre Lapadula, ese tombo lo empujó en una, menos mal que sacó el barrio Lapa y en una se defendió 😆",2
jajjajaja todavia dice ven cuando esta con puro tombo😂😂😂,0
Gustavo Gustavo Caceres Cuellar escuchó estas cosas y solo me puedo imaginara a ustedes gritándole al tombo que les devuelva su pava 🤣.,2
Ni los tombos aguantaron filmarlo 😂,2
La compuso El Alfa ? 😂😂,1
"La selección está compuesta por una sarta de borrachos miserables al igual que Osores y gonzalo Núñez par de ineptos vividores,si fueron al mundial de Rusia fue por pura casuela no existió ningún mérito,y solo fueron a hacer el ridículo no hay más 🤮👊🏻🤮👊🏻🤮👊🏻",0
Entonces deben saber español 🤔 porq las letras son español y computador se encarga de traducirlo,1
Y los tombos grabando😒,0
Bendito sea Dios y que te quedes ahí ......y no toques un micrófono en tu vida asco de música 🤦🏻‍♂️🤫😂😂😂😂🤦🏻‍♂️,0
Te extrañamos en t.v muy buenas recomendaciones para viajar y que se conosca mi lindo Perú 🇵🇪 lo máximo!,2
Los que piensan que hay toque de queda a las 6pm : 🤡🤡🤡🤡,0
"La noni, quien es lo conosco , es un modelo, es un pintor famoso, es un multimillonario 😂😂😂lo conociste en unos de tus viajes a Europa",1
Yo conosco la cuica que sale por las sopinas de tanto comer dulces 😂😂,2
"Claro que siii aqui apollando desde sonora mexico, como ordene y mande el greñas locas de Nicola Porcella  mexico con La Karibeña 🤗🤗",2
Megazord haciendo cosplay rinoceronte verde 😂,0
Daniel D. Timaná Ojeda lleva tu paquetobi para que te manden al paseo.... digo al la charla recreacional 🤣😍😍😍,2
Kathy Verde para cuando superemos  la crisis 😭😭😭,0
El tallarin verde del PILOTO 😋 es para comer entre 2 😅,2
Ese hombre d verde fue muy tosco pobres criaturas el susto q le dieron abajo d la mesa d ka bromita salio gran susto a los peques  le va agarrar fobia al del verde e 🤣🤣🤣,0
Héctor Uribe las olas en la costa verde 🇵🇪,2
Que mande la cuenta para mandarle a gorda hpt 😁😁😁😁😁,0
donde está es agente q decía q de suport no la hago ! le yapeo al q me mande inbox 😂,0
Klisman solo falto que te mande saludos 🤣🤣😅😂,1
Marcia JAJAJAJAJAJAJAJAJA que te mande audios para GAV 😂,2
♥ CUANDO SE CASAN ♥ ? JIJIJI MANDENME SALUDOSSSS PORFISSS :* SALUDITOSSS A TI Y A SEBAS ♥,2
Caroline R. Trujillo vamos Vane Jara es muy cerca conosco canta pero ese lugar se vee hermoso 🤩,2
Su terrible COMBINATOR!! 🦈 Básico! 👹,0
Y el combinado pa' cuando Nadia A. Rodriguez😥,2
Brighite Maricarmen una combinación de todas juntas? 🤣,2
Toca que le comuniquen a Luisito que aqi en Colombia mandemelo es otra cosa 🤣🤣🤣🤣,2
Erika Alfaro mandenme en tapper 🤧💕,2
"Que hermoso que el futuro, los niños  conoscas nuestro hermoso PERÚ 🇵🇪 🇵🇪",2
"Feliz cumpleaños Angie!! Que tengas un lindo día, no te conosco personalmente pero irradias mucho amor, al parecer eres una buena hija y te preocupas por tu familia, un abrazo y todos los exitos... que cumplas muchos años más 🎂💐",2
San Bartolo dejando entrar a los conos 😂😂😂😂😂,2
Y quién la tiene mango al sartén 🍳,1
"Non conosco Rick, sembra falso 😆",0
"Los mangos de exportacion son muy ricos y jugosos....pero los mas ricos son los mangos blancos de Buenavista,no tiene comparacion en el sabor😋😋😋",2
"Buenos mangos, se ven deliciosos 😋",2
Jajaja ese general creo que se tomó su combinadito 🤣🤣🤣,2
El capítulo de la camisa que combina con los ojos azul cielo 😜,2
En el  rico Chimbote  su Combinoche y su salpresito que rico ✌️✌️,2
Xiomara Sandoval Rodríguez Pamela Vergara Chirinos Les Castillo Candy Rondón Cumpa JAJAJAAJAJA 😂😂😂😂,2
La U maneja la posibilidad de un buen mamey y no ser liqUidado.🐔,0
"No pensé que ""el tobi"" era el rinoceronte verde de Liveman 🤣🤣🤣",0
Sin duda Elvive color verde💚,2
Muy 👍🦸‍♂️👍🦸‍♀️el paseo felicitaciones en invierno El Lucumo se convierte en un paraíso verde y florido muy bello,2
Lapuga Caldito Verde 🙏🙏 Amén 🙏🙏 ygual es mi opinión ella tiene su timbre de voz hermosísima ya que era su hijito único,2
Buenos lugares todos pero yo prefiero el combinado del progreso... Tbm en el pescadito es bueno pero yo me quedo con el progreso 👍,2
Existe esa combinación. 👏👏👍😅,2
Gerardo te recomiendo que combines rixi con bandidas. Y tb metele a la timba. A la gente le gusta el vicio y el placer. Hazme caso ladrón 👍🏻,0
Hijo sacamos a medias..? Una fuuu.?  🤣🤣🤣🤣🤣🤣🤣🤣🤣🤣🤣🤣🤣🤣🤣🤣,1
Guarda que muerde esas medias..🤣,0
Beautiful! I hope I get the chance to visit Iquitos one day 😍,2
Se comunicaron las ganadoras???  O ya no tenemos chance de ganar 🙊 🙈,1
Aun hay chance con fe 🙏,2
La chancadora? mi barrio 😂,2
Un feliz cumpleaños Cristo te dará 😂😂😂🙌🏼🙌🏼🙌🏼 Domi Mijulovich Xiomy Chanca Mariana Andrade Díaz Celeste Navarro,2
No calcularon bien la repartija y prefirieron  dejar a medias el puente 🤣🤣,0
A mis cerca medio siglo sigo usando y lo seguiré usando mis medias de beetlejuice. Con mis polos del chompiras... Aunque ya el cuerpo excede al botija. 😎😆,2
Yo también veo que no estás creyendo 😂🤣😂😂😂😂😂🤣 mi Perucito carajo 😂🤣,2
"BETO ME DAS PENA ENSERIO COMO CAÍSTE TAN BAJO, SABES MUY BIEN QUE KEIKO ES UN RETRASO TOTAL PENSEMOS EN EL FUTURO NO EN EL PASADO PENSEMOS EN NUESTROS HIJOS, NIETOS NO EN EL PRESENTE RECUPEREMOS NUESTROS RECURSOS, KEIKO SOLAMENTE LO DEJARA EN BANCA ROTA NUESTRO PAÍS, NO VOTEN SOLAMENTE POR QUE ESTÁN AGRADECIMOS CON SU PADRE VOTEN PENSANDO EN EL FUTURO. A RECUPERAR NUESTROS RECURSOS, VAMOS PEDRO CASTILLO CARAJO ✏️✏️✏️",0
"Listo dese Matamoros Tamaulipas , saludos Nicola😘…. Que come mañoso 🤪",2
Luciano maseta 🤭🤭lo maximo,2
Al fin se puso interesante espero q lo saque a balasos como Elvira a charli ggg😋,0
Cagaron al Charlie's 🙄🔫Maria Josse Delgado Huajardo,0
Como carajos perdieron esa partida 😔,0
felicidades mi Carito sigue así  linda persona y disfruta tu esencia  junto a tu morci 👠🌹💌,2
Kathe Briza Carito Vera Mariajosé Mesía Daniel Galdos Alejandra Zevallos 😂,2
"En todos los rincones del país y del mundo!! Desde Atlanta, Georgia: Somos Camiseta!! Vamos Perú CARAJO!!!! 💪🏼💪🏼🇵🇪🇵🇪",2
"...al carajo, desde 1991 😅",2
Marilia Brenda Carito Iliana 😍😍😍 ,2
Tefy Carito el es el Tobiiiiiiii chequeen hasta el final 😂😂😂,2
Entre mineros se extractean 😆,0
La que lo volvió minero a Brus Sulca 🤣,0
Daniel Garcia jajajajajajajaa hazme el honor y etiqueta a ese Minero 🤣🤣🤣,0
Porque ERES la OPCION MAS FACIL DE LOS MINEROS INFORMALES.  .. ALGO TRISTE Y REAL 🤔,0
Beto  hay mineros que buscan darte Dinamita 😂,0
Cholo mi enamorado me mostro tus videos y los amo!!!! Y eres genial !! Saludos para mi enamorado Jose Manuel Luna Pintó ❤❤❤que lo amo mucho,2
PA Q EMPIEZAS PE MOSTRO 😝,0
El mostro igualito a makanaki🤣🤣,0
Milton Coronel Becerra minero ilegal 🤣,0
El tío Tony es minero je je je 🤣,0
"Gardel ushhh amigo, la caseroola en el mercado 😥",0
Por favor que los ayuden con remedios caseros hagan la prueba MAGALY MUCHA FÉ 😇 ORAR Y MUCHA FUERZA CUÍDATE MUCHO UN ABRAZO 🙋,2
AHORA VA SER MINERO Y NO FUTBOLISTA 😂😂,0
Wena mineros de socavón Alexander Sullaime Lloss Manuelito Lavinto Zumba  🤣🤣🤣,0
Chirrarrones caseros en un país de pobres q comen rico 🤷🤯🤯🤯🤯🤯👀,2
Csmr :V se puso a trabajar  de minero...  Cague risa.. 😂,0
IMPRESIONANTE MUÑECA ♥,2
Un mate de risa estas muñecas🤣🤣🤣,2
"Bellaa , brilla tu serás la próxima reina ! Creetela tu puedes Alessia ! Vamos muñeca arriba Perú 🥳🇵🇪💪👍🇵🇪💪🥳🇵🇪🥳🇵🇪🥳💪🥳🇵🇪🥳💪👍",2
"Le dicen el muñecas, cualquier lugar donde se eche cierra los ojos 🤣 Ruddy Erix Guzman Ayamamani",2
Marita Pariona Arroyo Carito Ponce creo q ya sabemos quien esa amiga🤭🤭🤭,2
Mireya Valdez Carito Valderrama Montenegro 😲,2
Jajajaja esto me hizo recordar a las fotos fail que tienen Carito y Jorge 😂 y los publican en sus estados de WhatsApp 🤣,2
"Un día deje a mi Fer por un segundo y me olvidé, q había dejado el bacin con su piss y plop regreso y estaba bañando a su muñeca con su pisss"" que hice, solo me reí.. 😂",2
Lucero Robles muñeca mira 😍,2
"Ahh noo yo llamaria a mis hijos para que recojan su desorden no soy bempleada de nadie, si no estan ya los recogeria pero cuando los vea si les diria que si vuelvo encontrar sus muñecas en el piso a la basura y al papá otra llamda de atencion que le pesa recoger 🤣🤣",2
Bien controlador kiere ser ese cristobal😁😅 hay pero la Yuly ta bien moosaaa😍❤ una muñeca.. Xd✨,2
Que linda Maca😍Besos para ti tambien muñeca😘 Gracias por la info mamita a mis peques les encanta😉,2
Ese ejercicio si puedo hacer ..ahora si sentadillas 😜(porque tengo una lesión en mis ligamentos en mi muñeca 😢),2
Se ve mostro! Y Caaro 😬...chevere mi 🇵🇪,2
Buena chamba del cirujano 👍👍,2
"Qué buen video. Fátima, mucha admiración por la chamba que hacen. ¡Feliz día, viajeras! Sigamos por la igualdad 💪🏽",2
"Tienes que poner las dos partes, uno que denuncia y el otro que se defenderá. Y se saca una conclusión. O sea solo pones un lado de la información y tiene que ser real 🤣🤣🤣🤣🤣🤣😂😂. Haz tu chamba pues!!!! Menos horas de estar comiendo, y ocúpalas en investigar los dos lados de la noticia.  La señora Kk'eiko PRESIDIARIA!!!! ",0
"El entrevistador no deja de hacerle felaciones 🤡. Era becado dice pero por la chamba, no por qué era chancon. 🤷🏿‍♂️",0
Esa chamba quisiera tener 😆😇😁,2
Sin duda xiinya ISO bien su chamba grande mi 🐕 pakas,2
Gente de mente abierta chamba es chamba 👍,2
"🤣🤣🤣🤣los COMEMIREDA de Peru como PPILIPHE sor armandos en la misma orma y.  con la misma mmm💩 o esencia que A Carrion,  C. Vera, MIERDAN ARTIEDA, A. Espinoza de los Rateros y faltan mas mm💩 y basura de la prensa libre para difamar y mentir de Ecuador. PEROS DE LOS LADRONES Y ESQUILMADORES DE LA PATRIA GRANDE, CHACALES Y RUFIANES DEL NORTE GLOBAL.",0
Fiorella Sosch Chacaltana 👀👀🙏🏼 dejare esto por aquí y me iré lentamente 😂,1
Juan Chacaltana Talledo pt así serás cuando tengas carro 😂😂😂,1
FUERZA CRISTAL CARAJO 💪🏻,2
Y ese pato se chacra 😂😂,0
Lo bueno es de todo lo malo que le pasó con la estafa que le hicieron es que le ayudaron de todos los lugares y tiene su celular ahora y muy respetuoso de sus padres ..saludos a chacra amigo bendiciones de 🇨🇱,2
"BRAVO ITALIA 🇮🇹  ABAJO ESTOS JUDAS., CORRUPTOS MENTIROSOS DEL LÁPIZ ✏️ CREEN QUE ESTÁN EN SU CHACRA????",0
Danae Chacaliaza NOO SOMOS NOSOTROS ?😂😂😂,1
Sería lo mejor  para el país la VACANCIA PRESIDENCIAL URGENTE POR FAVOR este tipejo de castillo no sabe ni leer... Y peor no tiene ni la mas mínima idea de como gobernar un país... Que se regrese a su chacra de Chota y nuevas elecciones presidenciales URGENTE 🇵🇪🇵🇪🇵🇪🇵🇪🇵🇪🇵🇪‼️‼️‼️‼️‼️‼️,0
Luis Alberto Choque Ccorahua  que fue le faltaron el respeto  al  10 de la chacra. 😂😂😂,0
"🤣🤣🤣🤣🤣🤣🤣jajajajajajaleiva leiva leiva,el peru no es su chacra,antauro no mato,antauro no matooooóó,leiva tiembla,los golpistas tiemblan,su prision era injusta,su prision era i justa de antauro,los unicos corruptos son ustedes,castillo no tiene pruevas,",0
El presidente ciertamente vive en las nubes creyendo que a comprado el país por eso quiere hacer de nuestro Perú su chacra 🤣🤣🤣,0
Mayimbu piensa q está en su chacra 🤣🤣,0
Cuidate nadiana gracias por todos tus consejillos. Y quizá algún día pueda ayudarte con alguna charlita. Siempre es bueno compartir. 💞,2
Vany Huamán Gavelán 😂🤣🤣🤣🤣,1
Gissela Huamán vamos 😍😍😍 Domingo,2
Ruth Esther Huamán Blas mira algo parecido😃,1
Pearl Villacrez Huamán Vanigene Gonzales 🤔 no les suena? el hit del momento 🫣🤣😎,1
Aixa Huamán Trillo cómprate tú camioneta para hacer esto 😍... Y consiguete a alguien que cocine así 🤣,1
G  Grande el nevado Huascaran ❄️🥶,2
Pero me recuerdo que estabas peinado en Huascaran 😁😁😁,0
Todo bien pero Gonzalo nuñez esta huasca ? 🤣🤣🤣,0
Está Huasca o con sueño🤣🤣,0
Desde el mirador se ve el Cerro San Cristobal y el Huascaran 😍,2
"Nunca pensé que el Huascaran había nieve  y, verdad!!! Es un nevado!!!😂",1
Hola buenos días sr pediodista Erick Osore Gonzalo Nuñez saludos a toda la familia Rodríguez Huamán acá Distrito Pucará Kañaris 🇵🇪🇵🇪🇵🇪🇵🇪,2
Elizabeth Huamán Delgado me harás millonaria ! 👀🙈,1
🤣 Katerinne Huaman ya vez!! Que agradezca 😁😁🤣🤣🤣🤭🤭😅,1
Less Huamaní nada opacó tu cumple primix🤣,2
Nayda Huamani Bozzeta  vamos papi 🎉🎉 Miguel Rojas,2
"Por las huevas es, Beto. 😂😂",0
Por las huevas es GAY 🙄,0
Jajaja como tiemblas hocico de perro ahora sí yamas muerto de hambre a los congresistas xq sabes que ya se te acaba la mamadera xq no te pudieron ayudar en lo que es vacancia y envenenado a la gente con tu veneno y tus supuestos xlas huevas perdiste tiempo ahora se viene tu fin desapareceras y solo serás recordada como una lacra más del periodismo limeño más no nacional 😎,0
"Por las huevas es,  Gasolina ⛽️ 1M hermanito betofilo",0
Déjate de huevas 😂😂😂,0
"Pero d espues del gusto viene un rico disgusto de no poder dormir de la jarana jajaja porque hay que seguir con las tres bendiciones q me dió Dios, pero de vez en cuando y cuando la situación amerita porque no distraerse., Aunque ya no es como cuando no existen las bendiciones, por qué uno mismo está pensando en ellos.😜😂😂",1
Elijo el DORADO! <3 para nutrir mi cabello seco debido a los tintes y planchas 🙊 espero ganar!,2
"""Jocy"" 😂😂😂 eres un hombre tan seco😂😂 Cesar Ramirez",0
Creeras que te miento pero llevo 17 añitos sin comerme un delicious seco com frejoles!!! 😋😋😋🤤🤤🤤,2
"El sol ☀️🌞 de shile es seco y quema la piel , en sol de Perú te arde la piel",0
Jajajajajajajjajajajajaja Javi Majail el almacén 😂😂😂😂,2
Fuera defensor de ratas 🐀,0
Suerte a miii!!  Eugenia Doris Zevallos Zorrilla Mariana Missell Daga Flowuer Neira Carrion Participen chicas 💪,2
Giovanna mami respeta el flow 😏,1
Raúl Pillaca su mamá tbien tiene su flow.😁,2
Me encanta su flow😁como siempre divertida 😄,2
Shayel Luján con mucho Flow el lunes 🙈,1
Aldhaiir Contreras Bzrp flow🎶🎶,1
Pía yo tbiem me identifico veo roto  y  yo misma lo hago más grande el huequito porq los hombres aman esos polos ya que están viejitos y tu cara pía así puse igual yo cuando lo utilize para trapeador 😜😂y si que deja bien limpio el piso,1
Lissette Barbara Solis Verastegui vamos al segundo y al tercero 📝,2
"Que mal , ese loco de una meterla a su casa 🏠 xd",0
Michael Junior  Julio Ventura Rafael Rumay Marcelo Daniel Monsalve Anthony Fiestas Cerna Brayan Ventura Manrrique todaaaa esa genteeee cacaneraaaa 😂,0
Tienes que ir a Rumanía hay comida ricaaaa ricaaaa 🤗👍,2
Agradezco a Dios porque tiene a mis hijos sanos y a mi lado 😇🙏,2
Otra mentira de los fujimoristas eso es planeado ya si pedro castillo no sierra el congreso y desalojas esas ratas 🐀 tendrá el mismos destino que Jennyfer,0
😅😅😅😅😅😅phelillo tenias que ser un perfecto imbecil para ponerte la soga al cuello 🤣🤣🤣🤣🤣phelipiĺlo pillo,0
"KEIKO sola se puso la soga al cuello, tuvo muchas oportunidades para mostrar un cambio, pero nada, al contrario se embarraba más y más.🙅🏻‍♂️🙅🏻‍♂️",0
Lo mejor de la selva Armen la soga y Yujuuuuuu 🙂,2
"Que trenenda eres🤣🤣🤣🤣... La, q, puede puede.. Te falto saltar soga. 😂😂😂😂😂👌",2
César Pereda Reyes Gladys Alicia Ramirez Ahen Coco Pereda Ramirez ☝🏽❤,2
Los 4 gatos y el lobo haciendo su motin.😂😂😂,0
"Bella la Naturaleza, Lobos Marinos🌺",2
"El lobo disfrazado con piel de oveja 🐑, vamos viendo un izquierdismo extremo",0
Siiiiiii lobo y noah plss💞,2
Ay q estar preparado para entrar a la. Cueva del lobo!!! Y ese abogado benji a demostrado q esta y creo q si puede salir entero con rasguños pero entero!!! El tiempo dara la razon al periodista o al abogado!!! Pero con todas las cosas q esta pasando con el presidente..... No creo q llegue a salvarlo!!! Sigo pensando q la politica ay q saber mucho porq si no te gana y te destruye!!! Veremos q pasa mas adelante este fue el primer roud si abra ✌️ de eso si estoy seguro!!!!,1
Se los dije!!!! Es un lobo disfrazado de oveja 🐑 yo NO LE CREÍ  nada todo lo que sale de su boca son puras mentiras,0
Maria Pia Copello ✌️✨ te rayaste🤫🤣🤣🤣🤣,2
Recuerdo a la priale cuando iba a Chosica a la fiesta de una tía salimos de casa a las 6 desde indp y llegamos a la fiesta a las 11 😫se me borró la raya 😯,0
Un personaje tío el camello Jorge Soto .. gran ídolo celeste .. salud mi raza 💙💙,2
Jhonatan Prada el lobo 😂😂,0
Lágrimas de cocodrilo 🐊??,0
Lágrimas de cocodrilo 🐕‍🦺🐕‍🦺🐕‍🦺🐕‍🦺,0
"Hola me pareció excelente, donde encuentro la panela y la cocoa andean, gracias.👍",2
Mejor que vaya a estudiar algo esa que no a ganado a nadie que suerte tiene la Federica de la lobatón jáaaa 😄😅,0
"Próximamente estaremos escuchando a Maju modo Shakira:   🎶""Una loba como yo no está pa' tipos como tú-uh-uh-uh-uh Pa' tipos como tú-uh-uh-uh-uh A ti te quedé grande y por eso estás Con una igualita que tú-uh-uh-uh-uh Oh-oh, oh-oh""🎶",2
Mary Cruz Rojas Lobaton cosita cuando llegues 😚,2
"Para cuándo En la boca del Lobo, Tobiiiiii 🤩",2
"Yaquelin Choqueluque, Jeicy Achircano Velasquez, Jessenia Wendy y Anny Analid Raya Mamani 😂😂abejas",2
Karina Sovero Laos  a la prox  pedimos lomo 😌,1
UNA BALLENA DE LOMO AZUL 😅😅,0
Maricarmen Quincho Gaspar Mirella Tacoma esos tiempooos 😢,2
Yo camino como fatima en tacones 🙈🙈🙈,1
"Excelente Novela ""Que buena Raza"" 👌",2
Va a mejorar la raza.  🤣🤣 ya va a tener perigri,0
Lindo tus perritos....que raza son? Por fis!!!🙏,2
Mañana el cielo amanece más SCeleste que nunca csmre !! 💪 Sporting cristal dará el golpe en Brasil 💪 vamos razaaa !! 😎💪,2
Ban a traumar alos sipotes  ya no ba a creer en santa 🤣😂😂😂,0
Nunca se tiene pocos zapatos... 🤣 🤣 🤣 🤣 Tengo algunos tacones y botas que aun no los e usado y sigo comprando mas.,2
"Me contagiaste María Pía, mañana mismo me pongo mis tacones y mi vestido, pero no creo q me envidien mi cuerpo😁",2
"Paola Ramírez Carmen Del Risco Waltersdorfer Kevyn Arias Montano, tacos y mezcal, oh no vato 😎",2
Que no vivan los tacones!!!! Yo tampoco camino cómoda con ellas 🤣🤣🤣,0
Yo quiero con taco 😁,2
Estefanía Arteaga Any Asencios María Del Rosario Andrea....han visto mis tacos????? 😂😂😂,2
Lucero Cortez jajajajajaja han visto mis tacos ?😂😂😂 Jajajaja igualiiiiiitaaaa a ti,2
Esta espectacular y los tacones 🤩,2
"Esta bien el comentario cuando dice es balanceado entre su raza, no como las calenturientas latinas pidiendo africanos 🤣🤣🤣🤣",0
"Ese asqroso sigue en tv.?? , no joroben.... Ese atrrnte es una verguenza para el mundo.... Estan locos qines le dan chmba.... Tirenlo al estirkol.....!!!!! Contra a sus ""Hinchas""... Ajjjjj...!!!!😝😝😝",0
"Mejorando la raza como debe de ser , 🧐🤔🧐",1
Cuidado Maud porque mi hija ya me pidió un perrito de cada raza de Paw Patrol 😅😅😅 que bello está Leo 😍😍😍,2
"Que bueno razas estoy con ustedes, díganle su puta vida a ese rctm de presi, que no se identifica con el club, necesitamos cambios que nos lleven de nuevo al sitial que perdimos en sudamerica y Perú. Mi querido Sporting Cristal no se merece esto.💙💙💙💙",0
"Jajaja que loco ,esta muy original 😁",2
"Siempre me gusto pero nunca aprendi los pasos, fui muy taba... 😁😁😁",2
SELECCIÓN PERUANA 🔴⚪🔴🇵🇪 Harta tabaa por la ptmr....Arriba Perú ksm',2
Nooo donde se sentastes namie como q tabaco 🤣,1
Maria Gordillo Tabako  tu voz cambia? 🙄,1
Que rico como una sopa seca chincha😋😋😋,2
Yo veo mucha diferencia con la sopa criolla  y a la minuta 🤔🤔🤔🤔🤔 no es gran cosa ,1
Jijiji...mascaly esta qué 🔥... 🤭... Probando un poco más de su propia sopa,0
Amor Marta Rocha olha essa sopa 😋😋,2
Valeria G. Huertas Solis Pamela Calcina Vilca 😂😂😂😂,2
Sara Quiroga Subirana mira en el min 2:40 así compraré mi wok para hacer sopa tipo cantonesa aquí 😋😋,2
Susan Santos vamos a tener que viajar a estos destinos para probar estás ricas sopas y de paso hacer turismo 😋,2
Una sopa mañanera siempre biene bien. Saludos soperos del Perú. 😁,2
"Simple, wantan en verano y en invierno sopa 🥱",2
Los de afp les hicieron la taba con el pasaje 😏😏,0
Era tu lora😁pensé que era un niño.,1
Esta súper Celosa tú lora 🤣,0
Juan Carlos Olivares Lucano 😥,0
Universitario 2 Sporting tabaco 😂 ¡Y DALE U!,2
"Excelente Luca, me caes de la refurinfunflai jajaja 😄",2
"Yo uso el morado, para cabello liso 👌",2
Quiero conocer a tu Loraaaa😍😍😍😍,2
"Jajajaja, un amor-odio con la lora, jajaja 😂",2
Que linda y es una lora 😘,2
Cristye Lucaña Esthefani Fiorela Pacheco Guillen Scarlett Josselyn Rosariio Trillo Allende dentro de unos mesesitos estaremos así 😣😢,2
Katherine Martinez Alvaro Rossibell Dézar Martínez jajaja ese Luca 😂🤣,2
Chinito saludame soy del puerto de ilo y ami familia 👨‍👩‍👦💕 a mi hijito fabrizio y a mi pareja 💑 jorge nos encanta ver tus videos mandale saludos al loco pildorita,2
Victor Hugo Villanueva cambiando cambiando 😒😒,0
Victor Hugo Davila C mi amor mira esa papá rellena 😍 vamos en el viaje,2
Felicidades por las medallas de oro. Cristian Pacheco y Hugo Ruiz dejando en alto el nombre de Perú 🇵🇪💪Felicidades por las medallas de oro. Cristian Pacheco y Hugo Ruiz dejando en alto el nombre de Perú 🇵🇪💪,2
Mira amor Hugo Samanez Atoche para el prox año😅,1
Chris Hugo tú misma eres ! A cocinar 👍🏻👍🏻👍🏻,2
Ese Branco Erick Pomazongo Sosa cagándole a Hugo Rodriguez Hernandez cuando esta en pucallpa jaja 😂😂,0
Luis Valdivieso Hugo #yanoquieronadaya 😅,0
⭕⭕🐒EL GOBIERNO DE FUJIMORI SE DABAN UNOS LUJOS QUE SE CREIAN DIOSES CON LA KEIKO⭕⭕⭕SE DABAN UNOS VIAJES A CUBA Y VENEZUELA PARA COMER RICO CON FIDEL Y HUGO CHAVEZ⭕🙂⭕⭕⭕LA DOBLE MORAL COMUNISMO CON DERECHA SENTADOS Y RIÉNDOSE DE SUS PECADOS⭕⭕⭕,0
Te acuerdas cuando pagabas por fotos de hombres 😂😂 oye doble moral anda con tus discursos baratos donde Magaly que es la única que te para PIM POM,0
Esta generación no sabe que hace ante tremenda escena de escenario😎antes todo era más chvr ahora todos andan con sus celulares como giles,0
Jc Peewe 😂😂 como me anda ud amor ?😙😙,2
Cristhian Arias Varas ya no quiero nd ya 😂😂,0
"Mi hijo está de tránsito en España, tenía su pasaje de regreso para el 23 de marzo. Pero les avisaron que podrían regresar el 21 y volvió a comprar su pasaje. Cuando llegó al aeropuerto les comunicaron que no podrían abordar porq ya había orden de no dejarlos aterrizar y se quedó varado junto a otros compatriotas. El hospedaje que dejaron ya lo habían ocupado. Y se quedó en el aeropuerto. El consulado no les contesta cuando llaman.😥",0
Pedro Canteño Vara amorrrr me acorde de ti 🤣,2
Teffa Agreda Cruzado Jhamilet Alva Varas Teresa Medina Llaque jajajaja las amo 💕,2
😱 uy! Ignoraba esa Información.. Hugo Portilla cheka!! 👀,1
Cristian Cool yo jajaja 💔💔,1
Victor Hugo jajajaja 🤣🤣🤣🤣🤣🤣🤣🤣🤣🤣🤣,2
hermosa😗 y muchas haciéndose la cool😉,2
Galería estilos. Sótano 2. En el Jr. Gamarra. Tienda COOL Kids. Ropa para hombrecitos 😉,2
"trauma diversión violencia y al final no paso nada, que COOL 😂😅 yo Quero partile su mandaría a grinch",0
Dónde andarán los cojudignos 🧐🫣,0
"Iwo, me estas diciendo que el binomio de kk vuelve a las  andadas? 😮",0
Asuuu ví como chupaban todos los tragos!! Me he matado de la risa 🤣🤣🤣,2
No hay como mí línda tierra Chupaca ... Huancayo Cuna De Campeones  con sus variedades platos típicos.saludos a mis paisanos 👏👍☺️,2
Brenda Infantas Valencia cuando nos acurrucábamos y no queríamos salir 😚,2
"A la queda le queda y a ella se le ve muy bien,las envidiosas y diske muy pudorosa son las andan de rajonas 😒 si tanto les apesta la vida que hacen robando oxígeno.",0
Lucero Diaz Varas la parte de la cómida tan yo 😂😂😂😂,2
"Jajaaajja David Quiros.... anda amor, préstame tu cel 😂😂😂👆🏻 estoy muerta de risa con esta mae",2
A la tia gruñona le pica su pililin y nadie se la.quiere rascar..por eso anda con ese caracter🤪🤪🤪,0
que ricoooo!!! 😍😍😍 que viva el departamento de Lambayequeeee 💃🏽💃🏽💃🏽,2
"Es lamentable lo que estamos pasando en 5to día deparó hoy fue más fuerte que otros días saqueos, robos en moto taxi, robos al paso, sin alimentos, nos amenazan que mañana no habrá agua y ensima muertes que estamos viviendo 😔",0
"Mazzetti, os recomiendo que visites las demás provincias del Perú. Te recomiendo que visites Iquitos, un bello departamento en el cual disfrutarás un delicioso Paiche al horno.... oye me alegra que estés disfrutando lo bello de la naturaleza. Saludos y disfruta de todo tu viaje. 😎",2
Debe sortiar una casa o departamento 🥰,2
"El Perú es un pais rico en cultura... y tiene al Cusco que es uno de los departamentos mas hermosos y misticos... sus calles, su gente, #ValleSagradodelosIncas #MacchuPicchu #CerroVinicunca espero ganar y poder conocer mas del Cusco #BuenViaje #LATAMAIRLINES 😉😉😉😉",2
"Ummmm se ve riquísimo ,el cuy es un plato típico de Arequipa , Cuzco , Cajamarca , Huaraz , Huanuco , etc y en cada lugar es diferente y puede gustar o no a las personas , lo ideal es probar y así conocer los sabores de tu tierra . Yo particularmente pruebo en cada departamento que visitó y a pesar que soy Arrquipeña me quedo con el cuy Cajamarquino . 😋😋😋",2
"Y Q -IERDA IMPORTA SI SE VIERON O NO EN SU DEPA, QUIERES SER EL COLCHON TAMBIEN? PORQ ESO ES LO Q INSINUAS CON ESE COMENTARIO LLENO DE MALICIA. Y POR OTRO LADO, SI ES MINISTRA ESTA BIEN PUES, ASI ES CUANDO SE TRABAJA CON ASPIRACIONES Y METAS, PERO TÚ, DE SER UNA SIMPLE PERIODISTA NO PASAS. 😬",0
"Jajaja pinche realidad, el detalle es darse tiempo de dar esos retoques 😆 pero xvre el video 🤣",2
Fiorella no te veo? ja... xvre lo pasas 😉,2
"Que pasó master? Antes eras xvre , pipipipi 😩👌",0
Asu este tipo ya le dio la menopausia .....jjjajaj que crees que ladras t van abedecer ...tan valiente tu que ahora sacaste culo del Peru...Charlatan🤫🤫🤫,0
me limpio el culo con tu denuncia... pobre diablo rosqueton  !!!    🤣🤣🤣,0
Jimena Vega Xiomara Jelitza Diaz ya saben en un depa las 3🤩,1
Señora es su problema de ellos  o esta envidiosa por el departamento que se ve de lujo. 😏,0
Geraly Ulloa Depaz tu y yo siempre 🤦🏻,2
"Por siempre y para siempre viajaría con mi compañero del alma, el que aunque estemos en cuarentena en nuestro depa me roba suspiros, mi esposito lindo Italo Martin Amaya Moreno 🥰",2
"Dice ser del pueblo tiene un departamento pagado al contado 300 mil dólares y hasta ahora no puede sustentarlo ¿como lo hizo?, dice odiar al capitalismo y bien que goza de él viajando mismo en semana de Representación acompañada de su novio. Le pagamos para que trabaje en el Congreso y no para su semana de Relajación. ¿ Cómo hace Sigrid Bazan para darse tan grandes lujos si sueldo no le alcanza? Uhmm..🤔🤔🤔mientras hay ciertos Peruanos que la defienden ella goza de su buena vida viviendo en San Isidro viajando por países capitalistas que tanto critica y comiendo langostas mientras el Pueblo que tanto menciona vive en pobreza que no le alcanza para vivir y mantener a su familia. lAyyy...si nadie hace una denuncia pero si hubiese sido una Congresista de oposición ya cuantas denuncias hubieran de los Izquierdistas caviares. Hipócritas y doble moral.",0
"Esta mujer da miedo, parece el cuco😨😨😨😳😳😳😳😳",0
Wendy Morraz repite conmigo  Has trabajado duro Tu mereces toda esta ropa jajaja 😂 esque igualitos jajaja 😂 😂😂😂,2
fue bonito mientras duro😌,1
Buenos días Naty! Mónica 🇦🇷 Voley desde 🇪🇸 vamos ahí duro 🙌🏻🙌🏻🙌🏻🙌🏻,2
Dajhana ptmr me e reido duro 😂😂😂 igualitaaaa 😂😂,2
Solo fueron a gritarte tus verdades cucaracha gorda nada más ! Si hubiera sabido que ibas a denunciar por ir a gritar tus verdades mejor te metía un balazo de frente para que denuncies con ganas 🤫,0
Pendejadas ya tiene pelo el Cuca y hace esto 😂,0
"Falta La Mar, Puerto Mancora... Al Veridico de Fidel yala deliii 🤗",2
Nat Cz  Darkselli no se por que pero te imagino en mi dúo en esta coreo🤭Hay que hacerla.,1
Me gustan los culotes pero una cosa no tiene que ver con la otra 😳😅,0
VALDES EL QUE TE DEJO EL CULO AL REVÉS MAYIMBU MEEEEE 😂😂😂,0
"Majo Del Aguila Ñaño  te cuento pe... ,Quien es así 🤭🤭🤭 Roberth Alegria  😅",1
Juan Armando Zavaleta Pajuelo ñaño quién te grabó 🤭,1
"GATO 🐱 DIGO CUTO ,SE TE PASO EL MALESTAR CON LO DEL LLCO VARGAS QUÉ BUENO 👍ESO LO DEL GATO TODO HA SIDO ARMADO SI O NO EN F.IN CUTO O 🐱",0
Anthony Perea ñaño ven al norte ! 🐒😎,2
Como olvidar esa fase en la final 2011 así el cuto te haya ganado la final no lo puedes odiar 😁😁,2
Que pensara cuto ahora 😉,1
Espero ganarmelo con la fe de CUTO GUADALUPE...🙏🏻🙏🏻🙏🏻,2
Nadie me quiere 😭😭😭😭.. Jajajaja si pues el tiempo le dio la razón a cuto,0
un plato bandera en cuto🐱  16,2
Vamos cuto la fe de cuto esta por encima de cualquier  mal Dios esta con cuto me da gusto  q eres  un referente  del fútbol  y de la juventud   Q sigan los éxitos  cuto y bendiciones  para tu familia 👪,2
Cuando dice el mejor del Perú Cuto se aguanta la risa 🤣🤣,2
ANDY ZANE NUEVO MIEMBRO DEL CLUB DE FARFAN Y CUTO🐂,1
Vega Z Osvaldo es cuto no conoce a nada jajaja sigue la corriente…. 🤣🤣,2
"Aca en Bolivia, Pedimos yapa y rebaja .....!! Hahaha😅😅🤣🤣🤣",2
Rene Mj Zully Mim Pin Georgete Morales Lemuel Jhordany Alvarado Pérez y de yapa QF Gino Yoshitomi Cristóbal.. Nunca vas 🤣,2
"Buena del pelo, era de yapa papu 🤣🤣🤙🤙",2
"La yapa lo es todo, es como un alago al vender, ya que si no pides yapa es que está feo😆",1
Nati Gonzalez Sebastian Itokazu eso significa yapa jaja 😌😌,1
Evelyn Yaranga tu toda la vida 😂😂,2
Yampier Armando Lioz  con yoni yarada con sus  Gorritos.😂,2
Chévere nunca me pierdo tus vídeos hice tu ruta cuando me fui a Piura sigue en lima parte 2 porque la 1 yala ... sigue así 😍 churrisimo,2
Estefany Marjory Yalam Pizarro..Jajaja asi nosotras en el carro de regreso del mercado..hay q pedir musik😂😛,2
Belissa Céspedes yala yala yala yala noooo? Jajajajjajajajajaja tiempos q no volverán ☹️,2
"Maria Belen Lescano Salaverry, yalas todas hasta la guisada Hay Dios ahora puro extracto😔",0
Ericka Segura Casanova Yala 😎💪,2
Ericka Figueroa Escudero Katherine Lee yayayaya 😋,2
JAJAJA YAYA DILE QUE SI PAQ NO JOA 🤣,2
Ta mare no paro de reír que mier.. jajaja 🤣🤣🤣 paren yaya jajajaja ,2
Aldair Bendezu Yarasca si somos 🤭😬😘,2
Lucía Loayza Mendoza bb 😂  nuestro caso yara,2
O yara igualito csmr 😂😂😂,2
Leyson Frias yara leyson no te humilles así 😆,2
Yo vivo en Francia y no registra en Netflix  la película.  Lo busco en español y en francés y dice no existe. 😏🤔,1
"😭😭 Hola a todos, mi nombre es 💞 Malka Rachelle de España pero actualmente vivo en Noruega.  😭😭 Padezco una enfermedad que me condena a muerte: una enfermedad neurodegenerativa incurable 😭.  💗🙏💝 Tengo 675.000 euros en mi cuenta bancaria de SOCIETE GENERALE y me gustaría transferirlos a una persona honesta, seria y de confianza.  Soy dueño de un negocio de importación de accesorios para automóviles.  😭😭😭 Soy viuda desde hace 10 años sin hijos.  Consulté a todos los médicos y cirujanos especialistas sin encontrar solución a mi enfermedad.  Si deseas beneficiarte de mi donación, contáctame por WhatsApp: +229 59625698.                              🥰🙏 Dios te bendiga 🙏✝️🙏",0
"Los fragil de las redes sociales....titulan un post bajo una primera impresión q podria generar un tendencia errada... Spencer lo llama ""raro"" yo podria decirle ""panico escenico"" y cada uno opinaria en base a su percepción, así como yo podria decir que ""estos post son de un nerd q quiere hacerse el vivo, generar likes y publicitar sus shows""😆",1
"Esooo siempre pasooo no deberías extrañarte,la pregunta esss xq ahora lo hace público,también deberías ir a los centros de essalud y sacar cita para q veasssss y hagas una transmisión en vivo 😉",1
Yo vivo en italia. Que solo fanno ver la rinconada del peru el peor de los lugares. 🙁😝,0
"Que no le pida perdón a nadie. Hay Fanáticos incontrolados y alejados de amar y cuidar, que son penetrantes. Benito “Bad Bunny” es un ser humano y todo cansa. Esa fanática es una hostigadora que lo estaba molestando desde hace rato. El se había echo fotos con ella, pero luego ella hace videos en vivos con amistades queriendo y hostigándolo a que el le responda a sus amistades. Eso no se hace! Aunque el se deba a su público, nosotros los fanáticos debemos ser más sensibles y menos hostigadores. 🤷🏽‍♀️",1
... Cuánto tiempo duro su curso en make up studio ❓,1
Nada más divertido después de un día de duro trabajo que ver a este pulpun descerebrado no hilar su cerebro con su boca 🤣🤣🤣 Ahora esta super mega claro su nombre GENERACIÓN EQUIVOCADA 🤷🏻‍♀️🤷🏻‍♀️🤷‍♀️,0
Su sueño frustrado del cucaracho 🤣😅🤣,0
"crea o no, en Dios pero ese día llegará estar delante de Dios vivo y tendrá q rendir cuentas de todo 😔",1
"EL VIDEO QUE BETO ORTIZ, alías ""La cucaracha gorda"" NO QUIERE QUE VEAS 👇😎👇😎👇😎  https://m.facebook.com/story.php?story_fbid=1546057318919366&id=100005453379216",0
Por fin veo una cuca diferente alas de petardas... 🤣😂😈 Y gratis,0
Cuando no la cucaracha gorda haciéndole propaganda a su amada 🤩,0
